<?xml version="1.0" encoding="UTF-8"?><layout version="16" mode="1" orientation="vertical"><tabpage name="MQ==" scalef="0.0" scalet="1.0" li_t="MQ==" li_c="yellow" li_s="17" li_o="true" li_b="false" la_t="MQ==" la_c="yellow" la_s="17" la_o="true" la_b="false" ><control name="cGl0Y2hvbjYw" x="628" y="450" w="50" h="100" color="yellow" scalef="0.0" scalet="1.0" type="multitoggle" number_x="1" number_y="2" ex_mode="true" local_off="false" ><midi var ="x2" type="0" channel="11" data1="31" data2f="127" data2t="127" sysex="" /><midi var ="x1" type="0" channel="11" data1="31" data2f="0" data2t="0" sysex="" /></control><control name="ZmFkZXI1NQ==" x="428" y="850" w="200" h="50" color="yellow" scalef="0.0" scalet="1.0" type="faderh" response="absolute" inverted="false" centered="false" ><midi var ="x" type="0" channel="11" data1="34" data2f="0" data2t="127" sysex="" /></control><control name="bGFiZWw1Mg==" x="678" y="450" w="50" h="100" color="yellow" type="labelv" text="UGl0Y2ggQXJw" size="17" background="true" outline="false" ></control><control name="Z2F0ZW9uNjE=" x="628" y="0" w="50" h="100" color="yellow" scalef="0.0" scalet="1.0" type="multitoggle" number_x="1" number_y="2" ex_mode="true" local_off="false" ><midi var ="x2" type="0" channel="10" data1="21" data2f="127" data2t="127" sysex="" /><midi var ="x1" type="0" channel="10" data1="21" data2f="0" data2t="0" sysex="" /></control><control name="bXVsdGl0b2dnbGU2Mg==" x="428" y="450" w="100" h="400" color="yellow" scalef="0.0" scalet="1.0" type="multitoggle" number_x="1" number_y="8" ex_mode="true" local_off="false" ><midi var ="x4" type="0" channel="11" data1="33" data2f="49" data2t="49" sysex="" /><midi var ="x3" type="0" channel="11" data1="33" data2f="33" data2t="33" sysex="" /><midi var ="x2" type="0" channel="11" data1="33" data2f="17" data2t="17" sysex="" /><midi var ="x1" type="0" channel="11" data1="33" data2f="0" data2t="0" sysex="" /><midi var ="x8" type="0" channel="11" data1="33" data2f="127" data2t="127" sysex="" /><midi var ="x7" type="0" channel="11" data1="33" data2f="100" data2t="100" sysex="" /><midi var ="x6" type="0" channel="11" data1="33" data2f="82" data2t="82" sysex="" /><midi var ="x5" type="0" channel="11" data1="33" data2f="66" data2t="66" sysex="" /></control><control name="Z2F0ZWhvbGQ2Mw==" x="628" y="100" w="50" h="100" color="yellow" scalef="0.0" scalet="1.0" type="multitoggle" number_x="1" number_y="2" ex_mode="true" local_off="false" ><midi var ="x2" type="0" channel="10" data1="22" data2f="127" data2t="127" sysex="" /><midi var ="x1" type="0" channel="10" data1="22" data2f="0" data2t="0" sysex="" /></control><control name="bGFiZWw1NA==" x="678" y="0" w="50" h="100" color="yellow" type="labelv" text="R2F0ZSBBcnA=" size="17" background="true" outline="false" ></control><control name="bXVsdGl0b2dnbGU2NA==" x="78" y="0" w="100" h="400" color="yellow" scalef="0.0" scalet="1.0" type="multitoggle" number_x="1" number_y="8" ex_mode="true" local_off="false" ><midi var ="x4" type="0" channel="1" data1="21" data2f="3" data2t="3" sysex="" /><midi var ="x3" type="0" channel="1" data1="21" data2f="2" data2t="2" sysex="" /><midi var ="x2" type="0" channel="1" data1="21" data2f="1" data2t="1" sysex="" /><midi var ="x1" type="0" channel="1" data1="21" data2f="0" data2t="0" sysex="" /><midi var ="x8" type="0" channel="1" data1="21" data2f="7" data2t="7" sysex="" /><midi var ="x7" type="0" channel="1" data1="21" data2f="6" data2t="6" sysex="" /><midi var ="x6" type="0" channel="1" data1="21" data2f="5" data2t="5" sysex="" /><midi var ="x5" type="0" channel="1" data1="21" data2f="4" data2t="4" sysex="" /></control><control name="bGFiZWw1NQ==" x="28" y="300" w="50" h="100" color="yellow" type="labelv" text="RGVsYXk=" size="17" background="true" outline="false" ></control><control name="Z2F0ZXN0ZXBzNjU=" x="528" y="0" w="100" h="400" color="yellow" scalef="0.0" scalet="1.0" type="multitoggle" number_x="1" number_y="8" ex_mode="true" local_off="false" ><midi var ="x4" type="0" channel="10" data1="23" data2f="49" data2t="49" sysex="" /><midi var ="x3" type="0" channel="10" data1="23" data2f="33" data2t="33" sysex="" /><midi var ="x2" type="0" channel="10" data1="23" data2f="17" data2t="17" sysex="" /><midi var ="x1" type="0" channel="10" data1="23" data2f="0" data2t="0" sysex="" /><midi var ="x8" type="0" channel="10" data1="23" data2f="127" data2t="127" sysex="" /><midi var ="x7" type="0" channel="10" data1="23" data2f="100" data2t="100" sysex="" /><midi var ="x6" type="0" channel="10" data1="23" data2f="82" data2t="82" sysex="" /><midi var ="x5" type="0" channel="10" data1="23" data2f="66" data2t="66" sysex="" /></control><control name="bXVsdGl0b2dnbGU2Ng==" x="528" y="450" w="100" h="400" color="yellow" scalef="0.0" scalet="1.0" type="multitoggle" number_x="1" number_y="8" ex_mode="true" local_off="false" ><midi var ="x4" type="0" channel="11" data1="32" data2f="49" data2t="49" sysex="" /><midi var ="x3" type="0" channel="11" data1="32" data2f="33" data2t="33" sysex="" /><midi var ="x2" type="0" channel="11" data1="32" data2f="17" data2t="17" sysex="" /><midi var ="x1" type="0" channel="11" data1="32" data2f="0" data2t="0" sysex="" /><midi var ="x8" type="0" channel="11" data1="32" data2f="127" data2t="127" sysex="" /><midi var ="x7" type="0" channel="11" data1="32" data2f="100" data2t="100" sysex="" /><midi var ="x6" type="0" channel="11" data1="32" data2f="82" data2t="82" sysex="" /><midi var ="x5" type="0" channel="11" data1="32" data2f="66" data2t="66" sysex="" /></control><control name="ZmFkZXI1OQ==" x="428" y="900" w="200" h="50" color="yellow" scalef="0.0" scalet="1.0" type="faderh" response="absolute" inverted="false" centered="true" ><midi var ="x" type="0" channel="11" data1="35" data2f="0" data2t="127" sysex="" /></control><control name="ZmFkZXI2MA==" x="28" y="400" w="200" h="50" color="yellow" scalef="0.0" scalet="1.0" type="faderh" response="absolute" inverted="false" centered="false" ><midi var ="x" type="0" channel="1" data1="22" data2f="0" data2t="127" sysex="" /></control><control name="ZmFkZXI2MQ==" x="28" y="950" w="200" h="50" color="yellow" scalef="0.0" scalet="1.0" type="faderh" response="absolute" inverted="false" centered="false" ></control><control name="bGFiZWw1Nw==" x="628" y="850" w="50" h="50" color="yellow" type="labelv" text="R2E=" size="17" background="true" outline="false" ></control><control name="bGFiZWw1OA==" x="628" y="900" w="50" h="50" color="yellow" type="labelv" text="RGlz" size="17" background="true" outline="false" ></control><control name="ZmFkZXIxNTA=" x="228" y="100" w="200" h="50" color="yellow" scalef="0.0" scalet="1.0" type="faderh" response="absolute" inverted="false" centered="false" ><midi var ="x" type="0" channel="11" data1="36" data2f="0" data2t="127" sysex="" /></control><control name="bGFiZWwxMTg=" x="428" y="100" w="50" h="50" color="yellow" type="labelv" text="cm5k" size="17" background="true" outline="false" ></control><control name="ZmFkZXIxNTE=" x="228" y="150" w="200" h="50" color="yellow" scalef="0.0" scalet="1.0" type="faderh" response="absolute" inverted="false" centered="false" ><midi var ="x" type="0" channel="11" data1="37" data2f="0" data2t="127" sysex="" /></control><control name="ZmFkZXIxNTI=" x="228" y="200" w="200" h="50" color="yellow" scalef="0.0" scalet="1.0" type="faderh" response="absolute" inverted="false" centered="false" ><midi var ="x" type="0" channel="11" data1="38" data2f="0" data2t="127" sysex="" /></control><control name="bGFiZWwxMTk=" x="428" y="150" w="50" h="50" color="yellow" type="labelv" text="Y2g=" size="17" background="true" outline="false" ></control><control name="bGFiZWwxMjA=" x="428" y="200" w="50" h="50" color="yellow" type="labelv" text="c2Ns" size="17" background="true" outline="false" ></control><control name="ZmFkZXIxNTM=" x="228" y="250" w="200" h="50" color="yellow" scalef="0.0" scalet="1.0" type="faderh" response="absolute" inverted="false" centered="false" ><midi var ="x" type="0" channel="11" data1="39" data2f="0" data2t="127" sysex="" /></control><control name="bGFiZWwxMjE=" x="428" y="250" w="50" h="50" color="yellow" type="labelv" text="ZHJvcA==" size="17" background="true" outline="false" ></control><control name="ZmFkZXIxOTU=" x="28" y="450" w="200" h="50" color="yellow" scalef="0.0" scalet="1.0" type="faderh" response="absolute" inverted="false" centered="false" ></control><control name="bXVsdGl4eTE=" x="78" y="550" w="150" h="150" color="yellow" scalef="0.0" scalet="1.0" type="multixy" inverted_x="false" inverted_y="false" rev_xy="false" ><midi var ="x1" type="0" channel="12" data1="21" data2f="0" data2t="127" sysex="" /><midi var ="y1" type="0" channel="12" data1="22" data2f="0" data2t="127" sysex="" /></control><control name="bXVsdGl4eTI=" x="78" y="800" w="150" h="150" color="yellow" scalef="0.0" scalet="1.0" type="multixy" inverted_x="false" inverted_y="false" rev_xy="false" ></control><control name="bGFiZWwxNjY=" x="228" y="400" w="50" h="50" color="yellow" type="labelv" text="RmI=" size="17" background="true" outline="false" ></control><control name="bGFiZWwxNjc=" x="228" y="450" w="50" h="50" color="yellow" type="labelv" text="TWl4" size="17" background="true" outline="false" ></control><control name="bGFiZWwxNjg=" x="228" y="800" w="50" h="150" color="yellow" type="labelv" text="RXJvc2lvbg==" size="17" background="true" outline="false" ></control><control name="bGFiZWwxNjk=" x="228" y="550" w="50" h="150" color="yellow" type="labelv" text="Q2hvcnVz" size="17" background="true" outline="false" ></control><control name="bGFiZWwxNzA=" x="28" y="550" w="50" h="150" color="yellow" type="labelv" text="RGVsYXkvTWl4" size="17" background="true" outline="false" ></control><control name="bGFiZWwxNzE=" x="28" y="800" w="50" h="150" color="yellow" type="labelv" text="QlAgQ3V0L1Jlcw==" size="17" background="true" outline="false" ></control><control name="ZmFkZXIyNjg=" x="28" y="700" w="200" h="50" color="yellow" scalef="0.0" scalet="1.0" type="faderh" response="absolute" inverted="false" centered="false" ></control><control name="bGFiZWwyOTM=" x="228" y="700" w="50" h="50" color="yellow" type="labelv" text="RmI=" size="17" background="true" outline="false" ></control><control name="bGFiZWwyOTQ=" x="228" y="950" w="50" h="50" color="yellow" type="labelv" text="Qnc=" size="17" background="true" outline="false" ></control></tabpage><tabpage name="Mg==" scalef="0.0" scalet="1.0" li_t="Mg==" li_c="red" li_s="17" li_o="true" li_b="false" la_t="Mg==" la_c="red" la_s="17" la_o="true" la_b="false" ><control name="bXVsdGl0b2dnbGUxMDg=" x="628" y="450" w="50" h="100" color="red" scalef="0.0" scalet="1.0" type="multitoggle" number_x="1" number_y="2" ex_mode="true" local_off="false" ><midi var ="x2" type="0" channel="11" data1="41" data2f="127" data2t="127" sysex="" /><midi var ="x1" type="0" channel="11" data1="41" data2f="0" data2t="0" sysex="" /></control><control name="ZmFkZXIxOTY=" x="428" y="850" w="200" h="50" color="red" scalef="0.0" scalet="1.0" type="faderh" response="absolute" inverted="false" centered="false" ><midi var ="x" type="0" channel="11" data1="44" data2f="0" data2t="127" sysex="" /></control><control name="bGFiZWwxNzM=" x="678" y="450" w="50" h="100" color="red" type="labelv" text="UGl0Y2ggQXJw" size="17" background="true" outline="false" ></control><control name="bXVsdGl0b2dnbGUxMDk=" x="628" y="0" w="50" h="100" color="red" scalef="0.0" scalet="1.0" type="multitoggle" number_x="1" number_y="2" ex_mode="true" local_off="false" ><midi var ="x2" type="0" channel="10" data1="31" data2f="127" data2t="127" sysex="" /><midi var ="x1" type="0" channel="10" data1="31" data2f="0" data2t="0" sysex="" /></control><control name="bXVsdGl0b2dnbGUxMTA=" x="428" y="450" w="100" h="400" color="red" scalef="0.0" scalet="1.0" type="multitoggle" number_x="1" number_y="8" ex_mode="true" local_off="false" ><midi var ="x4" type="0" channel="11" data1="43" data2f="49" data2t="49" sysex="" /><midi var ="x3" type="0" channel="11" data1="43" data2f="33" data2t="33" sysex="" /><midi var ="x2" type="0" channel="11" data1="43" data2f="17" data2t="17" sysex="" /><midi var ="x1" type="0" channel="11" data1="43" data2f="0" data2t="0" sysex="" /><midi var ="x8" type="0" channel="11" data1="43" data2f="127" data2t="127" sysex="" /><midi var ="x7" type="0" channel="11" data1="43" data2f="100" data2t="100" sysex="" /><midi var ="x6" type="0" channel="11" data1="43" data2f="82" data2t="82" sysex="" /><midi var ="x5" type="0" channel="11" data1="43" data2f="66" data2t="66" sysex="" /></control><control name="bXVsdGl0b2dnbGUxMTE=" x="628" y="100" w="50" h="100" color="red" scalef="0.0" scalet="1.0" type="multitoggle" number_x="1" number_y="2" ex_mode="true" local_off="false" ><midi var ="x2" type="0" channel="10" data1="32" data2f="127" data2t="127" sysex="" /><midi var ="x1" type="0" channel="10" data1="32" data2f="0" data2t="0" sysex="" /></control><control name="bGFiZWwxNzQ=" x="678" y="0" w="50" h="100" color="red" type="labelv" text="R2F0ZSBBcnA=" size="17" background="true" outline="false" ></control><control name="bXVsdGl0b2dnbGUxMTI=" x="78" y="0" w="100" h="400" color="red" scalef="0.0" scalet="1.0" type="multitoggle" number_x="1" number_y="8" ex_mode="true" local_off="false" ><midi var ="x4" type="0" channel="1" data1="22" data2f="3" data2t="3" sysex="" /><midi var ="x3" type="0" channel="1" data1="22" data2f="2" data2t="2" sysex="" /><midi var ="x2" type="0" channel="1" data1="22" data2f="1" data2t="1" sysex="" /><midi var ="x1" type="0" channel="1" data1="22" data2f="0" data2t="0" sysex="" /><midi var ="x8" type="0" channel="1" data1="22" data2f="7" data2t="7" sysex="" /><midi var ="x7" type="0" channel="1" data1="22" data2f="6" data2t="6" sysex="" /><midi var ="x6" type="0" channel="1" data1="22" data2f="5" data2t="5" sysex="" /><midi var ="x5" type="0" channel="1" data1="22" data2f="4" data2t="4" sysex="" /></control><control name="bGFiZWwxNzU=" x="28" y="300" w="50" h="100" color="red" type="labelv" text="RGVsYXk=" size="17" background="true" outline="false" ></control><control name="bXVsdGl0b2dnbGUxMTM=" x="528" y="0" w="100" h="400" color="red" scalef="0.0" scalet="1.0" type="multitoggle" number_x="1" number_y="8" ex_mode="true" local_off="false" ><midi var ="x4" type="0" channel="10" data1="33" data2f="49" data2t="49" sysex="" /><midi var ="x3" type="0" channel="10" data1="33" data2f="33" data2t="33" sysex="" /><midi var ="x2" type="0" channel="10" data1="33" data2f="17" data2t="17" sysex="" /><midi var ="x1" type="0" channel="10" data1="33" data2f="0" data2t="0" sysex="" /><midi var ="x8" type="0" channel="10" data1="33" data2f="127" data2t="127" sysex="" /><midi var ="x7" type="0" channel="10" data1="33" data2f="100" data2t="100" sysex="" /><midi var ="x6" type="0" channel="10" data1="33" data2f="82" data2t="82" sysex="" /><midi var ="x5" type="0" channel="10" data1="33" data2f="66" data2t="66" sysex="" /></control><control name="bXVsdGl0b2dnbGUxMTQ=" x="528" y="450" w="100" h="400" color="red" scalef="0.0" scalet="1.0" type="multitoggle" number_x="1" number_y="8" ex_mode="true" local_off="false" ><midi var ="x4" type="0" channel="11" data1="42" data2f="49" data2t="49" sysex="" /><midi var ="x3" type="0" channel="11" data1="42" data2f="33" data2t="33" sysex="" /><midi var ="x2" type="0" channel="11" data1="42" data2f="17" data2t="17" sysex="" /><midi var ="x1" type="0" channel="11" data1="42" data2f="0" data2t="0" sysex="" /><midi var ="x8" type="0" channel="11" data1="42" data2f="127" data2t="127" sysex="" /><midi var ="x7" type="0" channel="11" data1="42" data2f="100" data2t="100" sysex="" /><midi var ="x6" type="0" channel="11" data1="42" data2f="82" data2t="82" sysex="" /><midi var ="x5" type="0" channel="11" data1="42" data2f="66" data2t="66" sysex="" /></control><control name="ZmFkZXIxOTc=" x="428" y="900" w="200" h="50" color="red" scalef="0.0" scalet="1.0" type="faderh" response="absolute" inverted="false" centered="true" ><midi var ="x" type="0" channel="11" data1="45" data2f="0" data2t="127" sysex="" /></control><control name="ZmFkZXIxOTg=" x="28" y="400" w="200" h="50" color="red" scalef="0.0" scalet="1.0" type="faderh" response="absolute" inverted="false" centered="false" ><midi var ="x" type="0" channel="1" data1="23" data2f="0" data2t="127" sysex="" /></control><control name="ZmFkZXIxOTk=" x="28" y="900" w="200" h="50" color="red" scalef="0.0" scalet="1.0" type="faderh" response="absolute" inverted="false" centered="false" ></control><control name="bGFiZWwxNzY=" x="628" y="850" w="50" h="50" color="red" type="labelv" text="R2E=" size="17" background="true" outline="false" ></control><control name="bGFiZWwxNzc=" x="628" y="900" w="50" h="50" color="red" type="labelv" text="RGlz" size="17" background="true" outline="false" ></control><control name="ZmFkZXIyMDA=" x="228" y="100" w="200" h="50" color="red" scalef="0.0" scalet="1.0" type="faderh" response="absolute" inverted="false" centered="false" ><midi var ="x" type="0" channel="11" data1="46" data2f="0" data2t="127" sysex="" /></control><control name="bGFiZWwxNzg=" x="428" y="100" w="50" h="50" color="red" type="labelv" text="cm5k" size="17" background="true" outline="false" ></control><control name="ZmFkZXIyMDE=" x="228" y="150" w="200" h="50" color="red" scalef="0.0" scalet="1.0" type="faderh" response="absolute" inverted="false" centered="false" ><midi var ="x" type="0" channel="11" data1="47" data2f="0" data2t="127" sysex="" /></control><control name="ZmFkZXIyMDI=" x="228" y="200" w="200" h="50" color="red" scalef="0.0" scalet="1.0" type="faderh" response="absolute" inverted="false" centered="false" ><midi var ="x" type="0" channel="11" data1="48" data2f="0" data2t="127" sysex="" /></control><control name="bGFiZWwxNzk=" x="428" y="150" w="50" h="50" color="red" type="labelv" text="Y2g=" size="17" background="true" outline="false" ></control><control name="bGFiZWwxODA=" x="428" y="200" w="50" h="50" color="red" type="labelv" text="c2Ns" size="17" background="true" outline="false" ></control><control name="ZmFkZXIyMDM=" x="228" y="250" w="200" h="50" color="red" scalef="0.0" scalet="1.0" type="faderh" response="absolute" inverted="false" centered="false" ><midi var ="x" type="0" channel="11" data1="49" data2f="0" data2t="127" sysex="" /></control><control name="bGFiZWwxODE=" x="428" y="250" w="50" h="50" color="red" type="labelv" text="ZHJvcA==" size="17" background="true" outline="false" ></control><control name="ZmFkZXIyMDQ=" x="28" y="450" w="200" h="50" color="red" scalef="0.0" scalet="1.0" type="faderh" response="absolute" inverted="false" centered="false" ></control><control name="bXVsdGl4eTM=" x="78" y="550" w="150" h="150" color="red" scalef="0.0" scalet="1.0" type="multixy" inverted_x="false" inverted_y="false" rev_xy="false" ></control><control name="bXVsdGl4eTQ=" x="78" y="750" w="150" h="150" color="red" scalef="0.0" scalet="1.0" type="multixy" inverted_x="false" inverted_y="false" rev_xy="false" ></control><control name="bGFiZWwxODI=" x="228" y="400" w="50" h="50" color="red" type="labelv" text="RmI=" size="17" background="true" outline="false" ></control><control name="bGFiZWwxODM=" x="228" y="450" w="50" h="50" color="red" type="labelv" text="TWl4" size="17" background="true" outline="false" ></control><control name="bGFiZWwxODQ=" x="228" y="750" w="50" h="200" color="red" type="labelv" text="RXJvc2lvbg==" size="17" background="true" outline="false" ></control><control name="bGFiZWwxODU=" x="228" y="550" w="50" h="150" color="red" type="labelv" text="Q2hvcnVz" size="17" background="true" outline="false" ></control><control name="bGFiZWwxODY=" x="28" y="550" w="50" h="150" color="red" type="labelv" text="eC1kZWxheS95LW1peA==" size="17" background="true" outline="false" ></control><control name="bGFiZWwxODc=" x="28" y="750" w="50" h="150" color="red" type="labelv" text="QmFuZHBhc3M=" size="17" background="true" outline="false" ></control></tabpage><tabpage name="Mw==" scalef="0.0" scalet="1.0" li_t="Mw==" li_c="green" li_s="17" li_o="true" li_b="false" la_t="Mw==" la_c="green" la_s="17" la_o="true" la_b="false" ><control name="bXVsdGl0b2dnbGUxMjI=" x="628" y="450" w="50" h="100" color="green" scalef="0.0" scalet="1.0" type="multitoggle" number_x="1" number_y="2" ex_mode="true" local_off="false" ><midi var ="x2" type="0" channel="11" data1="51" data2f="127" data2t="127" sysex="" /><midi var ="x1" type="0" channel="11" data1="51" data2f="0" data2t="0" sysex="" /></control><control name="ZmFkZXIyMTQ=" x="428" y="850" w="200" h="50" color="green" scalef="0.0" scalet="1.0" type="faderh" response="absolute" inverted="false" centered="false" ><midi var ="x" type="0" channel="11" data1="54" data2f="0" data2t="127" sysex="" /></control><control name="bGFiZWwyMDM=" x="678" y="450" w="50" h="100" color="green" type="labelv" text="UGl0Y2ggQXJw" size="17" background="true" outline="false" ></control><control name="bXVsdGl0b2dnbGUxMjM=" x="628" y="0" w="50" h="100" color="green" scalef="0.0" scalet="1.0" type="multitoggle" number_x="1" number_y="2" ex_mode="true" local_off="false" ><midi var ="x2" type="0" channel="10" data1="41" data2f="127" data2t="127" sysex="" /><midi var ="x1" type="0" channel="10" data1="41" data2f="0" data2t="0" sysex="" /></control><control name="bXVsdGl0b2dnbGUxMjQ=" x="428" y="450" w="100" h="400" color="green" scalef="0.0" scalet="1.0" type="multitoggle" number_x="1" number_y="8" ex_mode="true" local_off="false" ><midi var ="x4" type="0" channel="11" data1="53" data2f="49" data2t="49" sysex="" /><midi var ="x3" type="0" channel="11" data1="53" data2f="33" data2t="33" sysex="" /><midi var ="x2" type="0" channel="11" data1="53" data2f="17" data2t="17" sysex="" /><midi var ="x1" type="0" channel="11" data1="53" data2f="0" data2t="0" sysex="" /><midi var ="x8" type="0" channel="11" data1="53" data2f="127" data2t="127" sysex="" /><midi var ="x7" type="0" channel="11" data1="53" data2f="100" data2t="100" sysex="" /><midi var ="x6" type="0" channel="11" data1="53" data2f="82" data2t="82" sysex="" /><midi var ="x5" type="0" channel="11" data1="53" data2f="66" data2t="66" sysex="" /></control><control name="bXVsdGl0b2dnbGUxMjU=" x="628" y="100" w="50" h="100" color="green" scalef="0.0" scalet="1.0" type="multitoggle" number_x="1" number_y="2" ex_mode="true" local_off="false" ><midi var ="x2" type="0" channel="10" data1="42" data2f="127" data2t="127" sysex="" /><midi var ="x1" type="0" channel="10" data1="42" data2f="0" data2t="0" sysex="" /></control><control name="bGFiZWwyMDQ=" x="678" y="0" w="50" h="100" color="green" type="labelv" text="R2F0ZSBBcnA=" size="17" background="true" outline="false" ></control><control name="bXVsdGl0b2dnbGUxMjY=" x="78" y="0" w="100" h="400" color="green" scalef="0.0" scalet="1.0" type="multitoggle" number_x="1" number_y="8" ex_mode="true" local_off="false" ><midi var ="x4" type="0" channel="1" data1="23" data2f="3" data2t="3" sysex="" /><midi var ="x3" type="0" channel="1" data1="23" data2f="2" data2t="2" sysex="" /><midi var ="x2" type="0" channel="1" data1="23" data2f="1" data2t="1" sysex="" /><midi var ="x1" type="0" channel="1" data1="23" data2f="0" data2t="0" sysex="" /><midi var ="x8" type="0" channel="1" data1="23" data2f="7" data2t="7" sysex="" /><midi var ="x7" type="0" channel="1" data1="23" data2f="6" data2t="6" sysex="" /><midi var ="x6" type="0" channel="1" data1="23" data2f="5" data2t="5" sysex="" /><midi var ="x5" type="0" channel="1" data1="23" data2f="4" data2t="4" sysex="" /></control><control name="bGFiZWwyMDU=" x="28" y="300" w="50" h="100" color="green" type="labelv" text="RGVsYXk=" size="17" background="true" outline="false" ></control><control name="bXVsdGl0b2dnbGUxMjc=" x="528" y="0" w="100" h="400" color="green" scalef="0.0" scalet="1.0" type="multitoggle" number_x="1" number_y="8" ex_mode="true" local_off="false" ><midi var ="x4" type="0" channel="10" data1="43" data2f="49" data2t="49" sysex="" /><midi var ="x3" type="0" channel="10" data1="43" data2f="33" data2t="33" sysex="" /><midi var ="x2" type="0" channel="10" data1="43" data2f="17" data2t="17" sysex="" /><midi var ="x1" type="0" channel="10" data1="43" data2f="0" data2t="0" sysex="" /><midi var ="x8" type="0" channel="10" data1="43" data2f="127" data2t="127" sysex="" /><midi var ="x7" type="0" channel="10" data1="43" data2f="100" data2t="100" sysex="" /><midi var ="x6" type="0" channel="10" data1="43" data2f="82" data2t="82" sysex="" /><midi var ="x5" type="0" channel="10" data1="43" data2f="66" data2t="66" sysex="" /></control><control name="bXVsdGl0b2dnbGUxMjg=" x="528" y="450" w="100" h="400" color="green" scalef="0.0" scalet="1.0" type="multitoggle" number_x="1" number_y="8" ex_mode="true" local_off="false" ><midi var ="x4" type="0" channel="11" data1="52" data2f="49" data2t="49" sysex="" /><midi var ="x3" type="0" channel="11" data1="52" data2f="33" data2t="33" sysex="" /><midi var ="x2" type="0" channel="11" data1="52" data2f="17" data2t="17" sysex="" /><midi var ="x1" type="0" channel="11" data1="52" data2f="0" data2t="0" sysex="" /><midi var ="x8" type="0" channel="11" data1="52" data2f="127" data2t="127" sysex="" /><midi var ="x7" type="0" channel="11" data1="52" data2f="100" data2t="100" sysex="" /><midi var ="x6" type="0" channel="11" data1="52" data2f="82" data2t="82" sysex="" /><midi var ="x5" type="0" channel="11" data1="52" data2f="66" data2t="66" sysex="" /></control><control name="ZmFkZXIyMTU=" x="428" y="900" w="200" h="50" color="green" scalef="0.0" scalet="1.0" type="faderh" response="absolute" inverted="false" centered="true" ><midi var ="x" type="0" channel="11" data1="55" data2f="0" data2t="127" sysex="" /></control><control name="ZmFkZXIyMTY=" x="28" y="400" w="200" h="50" color="green" scalef="0.0" scalet="1.0" type="faderh" response="absolute" inverted="false" centered="false" ><midi var ="x" type="0" channel="1" data1="24" data2f="0" data2t="127" sysex="" /></control><control name="ZmFkZXIyMTc=" x="28" y="900" w="200" h="50" color="green" scalef="0.0" scalet="1.0" type="faderh" response="absolute" inverted="false" centered="false" ></control><control name="bGFiZWwyMDY=" x="628" y="850" w="50" h="50" color="green" type="labelv" text="R2E=" size="17" background="true" outline="false" ></control><control name="bGFiZWwyMDc=" x="628" y="900" w="50" h="50" color="green" type="labelv" text="RGlz" size="17" background="true" outline="false" ></control><control name="ZmFkZXIyMTg=" x="228" y="100" w="200" h="50" color="green" scalef="0.0" scalet="1.0" type="faderh" response="absolute" inverted="false" centered="false" ><midi var ="x" type="0" channel="11" data1="56" data2f="0" data2t="127" sysex="" /></control><control name="bGFiZWwyMDg=" x="428" y="100" w="50" h="50" color="green" type="labelv" text="cm5k" size="17" background="true" outline="false" ></control><control name="ZmFkZXIyMTk=" x="228" y="150" w="200" h="50" color="green" scalef="0.0" scalet="1.0" type="faderh" response="absolute" inverted="false" centered="false" ><midi var ="x" type="0" channel="11" data1="57" data2f="0" data2t="127" sysex="" /></control><control name="ZmFkZXIyMjA=" x="228" y="200" w="200" h="50" color="green" scalef="0.0" scalet="1.0" type="faderh" response="absolute" inverted="false" centered="false" ><midi var ="x" type="0" channel="11" data1="58" data2f="0" data2t="127" sysex="" /></control><control name="bGFiZWwyMDk=" x="428" y="150" w="50" h="50" color="green" type="labelv" text="Y2g=" size="17" background="true" outline="false" ></control><control name="bGFiZWwyMTA=" x="428" y="200" w="50" h="50" color="green" type="labelv" text="c2Ns" size="17" background="true" outline="false" ></control><control name="ZmFkZXIyMjE=" x="228" y="250" w="200" h="50" color="green" scalef="0.0" scalet="1.0" type="faderh" response="absolute" inverted="false" centered="false" ><midi var ="x" type="0" channel="11" data1="59" data2f="0" data2t="127" sysex="" /></control><control name="bGFiZWwyMTE=" x="428" y="250" w="50" h="50" color="green" type="labelv" text="ZHJvcA==" size="17" background="true" outline="false" ></control><control name="ZmFkZXIyMjI=" x="28" y="450" w="200" h="50" color="green" scalef="0.0" scalet="1.0" type="faderh" response="absolute" inverted="false" centered="false" ></control><control name="bXVsdGl4eTc=" x="78" y="550" w="150" h="150" color="green" scalef="0.0" scalet="1.0" type="multixy" inverted_x="false" inverted_y="false" rev_xy="false" ></control><control name="bXVsdGl4eTg=" x="78" y="750" w="150" h="150" color="green" scalef="0.0" scalet="1.0" type="multixy" inverted_x="false" inverted_y="false" rev_xy="false" ></control><control name="bGFiZWwyMTI=" x="228" y="400" w="50" h="50" color="green" type="labelv" text="RmI=" size="17" background="true" outline="false" ></control><control name="bGFiZWwyMTM=" x="228" y="450" w="50" h="50" color="green" type="labelv" text="TWl4" size="17" background="true" outline="false" ></control><control name="bGFiZWwyMTQ=" x="228" y="750" w="50" h="200" color="green" type="labelv" text="RXJvc2lvbg==" size="17" background="true" outline="false" ></control><control name="bGFiZWwyMTU=" x="228" y="550" w="50" h="150" color="green" type="labelv" text="Q2hvcnVz" size="17" background="true" outline="false" ></control><control name="bGFiZWwyMTY=" x="28" y="550" w="50" h="150" color="green" type="labelv" text="eC1kZWxheS95LW1peA==" size="17" background="true" outline="false" ></control><control name="bGFiZWwyMTc=" x="28" y="750" w="50" h="150" color="green" type="labelv" text="QmFuZHBhc3M=" size="17" background="true" outline="false" ></control></tabpage><tabpage name="NA==" scalef="0.0" scalet="1.0" li_t="NA==" li_c="blue" li_s="17" li_o="true" li_b="false" la_t="NA==" la_c="blue" la_s="17" la_o="true" la_b="false" ><control name="bXVsdGl0b2dnbGUxMjk=" x="628" y="450" w="50" h="100" color="blue" scalef="0.0" scalet="1.0" type="multitoggle" number_x="1" number_y="2" ex_mode="true" local_off="false" ><midi var ="x2" type="0" channel="11" data1="61" data2f="127" data2t="127" sysex="" /><midi var ="x1" type="0" channel="11" data1="61" data2f="0" data2t="0" sysex="" /></control><control name="ZmFkZXIyMjM=" x="428" y="850" w="200" h="50" color="blue" scalef="0.0" scalet="1.0" type="faderh" response="absolute" inverted="false" centered="false" ><midi var ="x" type="0" channel="11" data1="64" data2f="0" data2t="127" sysex="" /></control><control name="bGFiZWwyMTg=" x="678" y="450" w="50" h="100" color="blue" type="labelv" text="UGl0Y2ggQXJw" size="17" background="true" outline="false" ></control><control name="bXVsdGl0b2dnbGUxMzA=" x="628" y="0" w="50" h="100" color="blue" scalef="0.0" scalet="1.0" type="multitoggle" number_x="1" number_y="2" ex_mode="true" local_off="false" ><midi var ="x2" type="0" channel="10" data1="51" data2f="127" data2t="127" sysex="" /><midi var ="x1" type="0" channel="10" data1="51" data2f="0" data2t="0" sysex="" /></control><control name="bXVsdGl0b2dnbGUxMzE=" x="428" y="450" w="100" h="400" color="blue" scalef="0.0" scalet="1.0" type="multitoggle" number_x="1" number_y="8" ex_mode="true" local_off="false" ><midi var ="x4" type="0" channel="11" data1="63" data2f="49" data2t="49" sysex="" /><midi var ="x3" type="0" channel="11" data1="63" data2f="33" data2t="33" sysex="" /><midi var ="x2" type="0" channel="11" data1="63" data2f="17" data2t="17" sysex="" /><midi var ="x1" type="0" channel="11" data1="63" data2f="0" data2t="0" sysex="" /><midi var ="x8" type="0" channel="11" data1="63" data2f="127" data2t="127" sysex="" /><midi var ="x7" type="0" channel="11" data1="63" data2f="100" data2t="100" sysex="" /><midi var ="x6" type="0" channel="11" data1="63" data2f="82" data2t="82" sysex="" /><midi var ="x5" type="0" channel="11" data1="63" data2f="66" data2t="66" sysex="" /></control><control name="bXVsdGl0b2dnbGUxMzI=" x="628" y="100" w="50" h="100" color="blue" scalef="0.0" scalet="1.0" type="multitoggle" number_x="1" number_y="2" ex_mode="true" local_off="false" ><midi var ="x2" type="0" channel="10" data1="52" data2f="127" data2t="127" sysex="" /><midi var ="x1" type="0" channel="10" data1="52" data2f="0" data2t="0" sysex="" /></control><control name="bGFiZWwyMTk=" x="678" y="0" w="50" h="100" color="blue" type="labelv" text="R2F0ZSBBcnA=" size="17" background="true" outline="false" ></control><control name="bXVsdGl0b2dnbGUxMzM=" x="78" y="0" w="100" h="400" color="blue" scalef="0.0" scalet="1.0" type="multitoggle" number_x="1" number_y="8" ex_mode="true" local_off="false" ><midi var ="x4" type="0" channel="1" data1="24" data2f="3" data2t="3" sysex="" /><midi var ="x3" type="0" channel="1" data1="24" data2f="2" data2t="2" sysex="" /><midi var ="x2" type="0" channel="1" data1="24" data2f="1" data2t="1" sysex="" /><midi var ="x1" type="0" channel="1" data1="24" data2f="0" data2t="0" sysex="" /><midi var ="x8" type="0" channel="1" data1="24" data2f="7" data2t="7" sysex="" /><midi var ="x7" type="0" channel="1" data1="24" data2f="6" data2t="6" sysex="" /><midi var ="x6" type="0" channel="1" data1="24" data2f="5" data2t="5" sysex="" /><midi var ="x5" type="0" channel="1" data1="24" data2f="4" data2t="4" sysex="" /></control><control name="bGFiZWwyMjA=" x="28" y="300" w="50" h="100" color="blue" type="labelv" text="RGVsYXk=" size="17" background="true" outline="false" ></control><control name="bXVsdGl0b2dnbGUxMzQ=" x="528" y="0" w="100" h="400" color="blue" scalef="0.0" scalet="1.0" type="multitoggle" number_x="1" number_y="8" ex_mode="true" local_off="false" ><midi var ="x4" type="0" channel="10" data1="53" data2f="49" data2t="49" sysex="" /><midi var ="x3" type="0" channel="10" data1="53" data2f="33" data2t="33" sysex="" /><midi var ="x2" type="0" channel="10" data1="53" data2f="17" data2t="17" sysex="" /><midi var ="x1" type="0" channel="10" data1="53" data2f="0" data2t="0" sysex="" /><midi var ="x8" type="0" channel="10" data1="53" data2f="127" data2t="127" sysex="" /><midi var ="x7" type="0" channel="10" data1="53" data2f="100" data2t="100" sysex="" /><midi var ="x6" type="0" channel="10" data1="53" data2f="82" data2t="82" sysex="" /><midi var ="x5" type="0" channel="10" data1="53" data2f="66" data2t="66" sysex="" /></control><control name="bXVsdGl0b2dnbGUxMzU=" x="528" y="450" w="100" h="400" color="blue" scalef="0.0" scalet="1.0" type="multitoggle" number_x="1" number_y="8" ex_mode="true" local_off="false" ><midi var ="x4" type="0" channel="11" data1="62" data2f="49" data2t="49" sysex="" /><midi var ="x3" type="0" channel="11" data1="62" data2f="33" data2t="33" sysex="" /><midi var ="x2" type="0" channel="11" data1="62" data2f="17" data2t="17" sysex="" /><midi var ="x1" type="0" channel="11" data1="62" data2f="0" data2t="0" sysex="" /><midi var ="x8" type="0" channel="11" data1="62" data2f="127" data2t="127" sysex="" /><midi var ="x7" type="0" channel="11" data1="62" data2f="100" data2t="100" sysex="" /><midi var ="x6" type="0" channel="11" data1="62" data2f="82" data2t="82" sysex="" /><midi var ="x5" type="0" channel="11" data1="62" data2f="66" data2t="66" sysex="" /></control><control name="ZmFkZXIyMjQ=" x="428" y="900" w="200" h="50" color="blue" scalef="0.0" scalet="1.0" type="faderh" response="absolute" inverted="false" centered="true" ><midi var ="x" type="0" channel="11" data1="65" data2f="0" data2t="127" sysex="" /></control><control name="ZmFkZXIyMjU=" x="28" y="400" w="200" h="50" color="blue" scalef="0.0" scalet="1.0" type="faderh" response="absolute" inverted="false" centered="false" ><midi var ="x" type="0" channel="1" data1="25" data2f="0" data2t="127" sysex="" /></control><control name="ZmFkZXIyMjY=" x="28" y="900" w="200" h="50" color="blue" scalef="0.0" scalet="1.0" type="faderh" response="absolute" inverted="false" centered="false" ></control><control name="bGFiZWwyMjE=" x="628" y="850" w="50" h="50" color="blue" type="labelv" text="R2E=" size="17" background="true" outline="false" ></control><control name="bGFiZWwyMjI=" x="628" y="900" w="50" h="50" color="blue" type="labelv" text="RGlz" size="17" background="true" outline="false" ></control><control name="ZmFkZXIyMjc=" x="228" y="100" w="200" h="50" color="blue" scalef="0.0" scalet="1.0" type="faderh" response="absolute" inverted="false" centered="false" ><midi var ="x" type="0" channel="11" data1="66" data2f="0" data2t="127" sysex="" /></control><control name="bGFiZWwyMjM=" x="428" y="100" w="50" h="50" color="blue" type="labelv" text="cm5k" size="17" background="true" outline="false" ></control><control name="ZmFkZXIyMjg=" x="228" y="150" w="200" h="50" color="blue" scalef="0.0" scalet="1.0" type="faderh" response="absolute" inverted="false" centered="false" ><midi var ="x" type="0" channel="11" data1="67" data2f="0" data2t="127" sysex="" /></control><control name="ZmFkZXIyMjk=" x="228" y="200" w="200" h="50" color="blue" scalef="0.0" scalet="1.0" type="faderh" response="absolute" inverted="false" centered="false" ><midi var ="x" type="0" channel="11" data1="68" data2f="0" data2t="127" sysex="" /></control><control name="bGFiZWwyMjQ=" x="428" y="150" w="50" h="50" color="blue" type="labelv" text="Y2g=" size="17" background="true" outline="false" ></control><control name="bGFiZWwyMjU=" x="428" y="200" w="50" h="50" color="blue" type="labelv" text="c2Ns" size="17" background="true" outline="false" ></control><control name="ZmFkZXIyMzA=" x="228" y="250" w="200" h="50" color="blue" scalef="0.0" scalet="1.0" type="faderh" response="absolute" inverted="false" centered="false" ><midi var ="x" type="0" channel="11" data1="69" data2f="0" data2t="127" sysex="" /></control><control name="bGFiZWwyMjY=" x="428" y="250" w="50" h="50" color="blue" type="labelv" text="ZHJvcA==" size="17" background="true" outline="false" ></control><control name="ZmFkZXIyMzE=" x="28" y="450" w="200" h="50" color="blue" scalef="0.0" scalet="1.0" type="faderh" response="absolute" inverted="false" centered="false" ></control><control name="bXVsdGl4eTk=" x="78" y="550" w="150" h="150" color="blue" scalef="0.0" scalet="1.0" type="multixy" inverted_x="false" inverted_y="false" rev_xy="false" ></control><control name="bXVsdGl4eTEw" x="78" y="750" w="150" h="150" color="blue" scalef="0.0" scalet="1.0" type="multixy" inverted_x="false" inverted_y="false" rev_xy="false" ></control><control name="bGFiZWwyMjc=" x="228" y="400" w="50" h="50" color="blue" type="labelv" text="RmI=" size="17" background="true" outline="false" ></control><control name="bGFiZWwyMjg=" x="228" y="450" w="50" h="50" color="blue" type="labelv" text="TWl4" size="17" background="true" outline="false" ></control><control name="bGFiZWwyMjk=" x="228" y="750" w="50" h="200" color="blue" type="labelv" text="RXJvc2lvbg==" size="17" background="true" outline="false" ></control><control name="bGFiZWwyMzA=" x="228" y="550" w="50" h="150" color="blue" type="labelv" text="Q2hvcnVz" size="17" background="true" outline="false" ></control><control name="bGFiZWwyMzE=" x="28" y="550" w="50" h="150" color="blue" type="labelv" text="eC1kZWxheS95LW1peA==" size="17" background="true" outline="false" ></control><control name="bGFiZWwyMzI=" x="28" y="750" w="50" h="150" color="blue" type="labelv" text="QmFuZHBhc3M=" size="17" background="true" outline="false" ></control></tabpage><tabpage name="NQ==" scalef="0.0" scalet="1.0" li_t="NQ==" li_c="purple" li_s="17" li_o="true" li_b="false" la_t="NQ==" la_c="purple" la_s="17" la_o="true" la_b="false" ><control name="bXVsdGl0b2dnbGUxMzY=" x="628" y="450" w="50" h="100" color="purple" scalef="0.0" scalet="1.0" type="multitoggle" number_x="1" number_y="2" ex_mode="true" local_off="false" ><midi var ="x2" type="0" channel="11" data1="71" data2f="127" data2t="127" sysex="" /><midi var ="x1" type="0" channel="11" data1="71" data2f="0" data2t="0" sysex="" /></control><control name="ZmFkZXIyMzI=" x="428" y="850" w="200" h="50" color="purple" scalef="0.0" scalet="1.0" type="faderh" response="absolute" inverted="false" centered="false" ><midi var ="x" type="0" channel="11" data1="74" data2f="0" data2t="127" sysex="" /></control><control name="bGFiZWwyMzM=" x="678" y="450" w="50" h="100" color="purple" type="labelv" text="UGl0Y2ggQXJw" size="17" background="true" outline="false" ></control><control name="bXVsdGl0b2dnbGUxMzc=" x="628" y="0" w="50" h="100" color="purple" scalef="0.0" scalet="1.0" type="multitoggle" number_x="1" number_y="2" ex_mode="true" local_off="false" ><midi var ="x2" type="0" channel="10" data1="61" data2f="127" data2t="127" sysex="" /><midi var ="x1" type="0" channel="10" data1="61" data2f="0" data2t="0" sysex="" /></control><control name="bXVsdGl0b2dnbGUxMzg=" x="428" y="450" w="100" h="400" color="purple" scalef="0.0" scalet="1.0" type="multitoggle" number_x="1" number_y="8" ex_mode="true" local_off="false" ><midi var ="x4" type="0" channel="11" data1="73" data2f="49" data2t="49" sysex="" /><midi var ="x3" type="0" channel="11" data1="73" data2f="33" data2t="33" sysex="" /><midi var ="x2" type="0" channel="11" data1="73" data2f="17" data2t="17" sysex="" /><midi var ="x1" type="0" channel="11" data1="73" data2f="0" data2t="0" sysex="" /><midi var ="x8" type="0" channel="11" data1="73" data2f="127" data2t="127" sysex="" /><midi var ="x7" type="0" channel="11" data1="73" data2f="100" data2t="100" sysex="" /><midi var ="x6" type="0" channel="11" data1="73" data2f="82" data2t="82" sysex="" /><midi var ="x5" type="0" channel="11" data1="73" data2f="66" data2t="66" sysex="" /></control><control name="bXVsdGl0b2dnbGUxMzk=" x="628" y="100" w="50" h="100" color="purple" scalef="0.0" scalet="1.0" type="multitoggle" number_x="1" number_y="2" ex_mode="true" local_off="false" ><midi var ="x2" type="0" channel="10" data1="62" data2f="127" data2t="127" sysex="" /><midi var ="x1" type="0" channel="10" data1="62" data2f="0" data2t="0" sysex="" /></control><control name="bGFiZWwyMzQ=" x="678" y="0" w="50" h="100" color="purple" type="labelv" text="R2F0ZSBBcnA=" size="17" background="true" outline="false" ></control><control name="bXVsdGl0b2dnbGUxNDA=" x="78" y="0" w="100" h="400" color="purple" scalef="0.0" scalet="1.0" type="multitoggle" number_x="1" number_y="8" ex_mode="true" local_off="false" ><midi var ="x4" type="0" channel="1" data1="25" data2f="3" data2t="3" sysex="" /><midi var ="x3" type="0" channel="1" data1="25" data2f="2" data2t="2" sysex="" /><midi var ="x2" type="0" channel="1" data1="25" data2f="1" data2t="1" sysex="" /><midi var ="x1" type="0" channel="1" data1="25" data2f="0" data2t="0" sysex="" /><midi var ="x8" type="0" channel="1" data1="25" data2f="7" data2t="7" sysex="" /><midi var ="x7" type="0" channel="1" data1="25" data2f="6" data2t="6" sysex="" /><midi var ="x6" type="0" channel="1" data1="25" data2f="5" data2t="5" sysex="" /><midi var ="x5" type="0" channel="1" data1="25" data2f="4" data2t="4" sysex="" /></control><control name="bGFiZWwyMzU=" x="28" y="300" w="50" h="100" color="purple" type="labelv" text="RGVsYXk=" size="17" background="true" outline="false" ></control><control name="bXVsdGl0b2dnbGUxNDE=" x="528" y="0" w="100" h="400" color="purple" scalef="0.0" scalet="1.0" type="multitoggle" number_x="1" number_y="8" ex_mode="true" local_off="false" ><midi var ="x4" type="0" channel="10" data1="63" data2f="49" data2t="49" sysex="" /><midi var ="x3" type="0" channel="10" data1="63" data2f="33" data2t="33" sysex="" /><midi var ="x2" type="0" channel="10" data1="63" data2f="17" data2t="17" sysex="" /><midi var ="x1" type="0" channel="10" data1="63" data2f="0" data2t="0" sysex="" /><midi var ="x8" type="0" channel="10" data1="63" data2f="127" data2t="127" sysex="" /><midi var ="x7" type="0" channel="10" data1="63" data2f="100" data2t="100" sysex="" /><midi var ="x6" type="0" channel="10" data1="63" data2f="82" data2t="82" sysex="" /><midi var ="x5" type="0" channel="10" data1="63" data2f="66" data2t="66" sysex="" /></control><control name="bXVsdGl0b2dnbGUxNDI=" x="528" y="450" w="100" h="400" color="purple" scalef="0.0" scalet="1.0" type="multitoggle" number_x="1" number_y="8" ex_mode="true" local_off="false" ><midi var ="x4" type="0" channel="11" data1="72" data2f="49" data2t="49" sysex="" /><midi var ="x3" type="0" channel="11" data1="72" data2f="33" data2t="33" sysex="" /><midi var ="x2" type="0" channel="11" data1="72" data2f="17" data2t="17" sysex="" /><midi var ="x1" type="0" channel="11" data1="72" data2f="0" data2t="0" sysex="" /><midi var ="x8" type="0" channel="11" data1="72" data2f="127" data2t="127" sysex="" /><midi var ="x7" type="0" channel="11" data1="72" data2f="100" data2t="100" sysex="" /><midi var ="x6" type="0" channel="11" data1="72" data2f="82" data2t="82" sysex="" /><midi var ="x5" type="0" channel="11" data1="72" data2f="66" data2t="66" sysex="" /></control><control name="ZmFkZXIyMzM=" x="428" y="900" w="200" h="50" color="purple" scalef="0.0" scalet="1.0" type="faderh" response="absolute" inverted="false" centered="true" ><midi var ="x" type="0" channel="11" data1="75" data2f="0" data2t="127" sysex="" /></control><control name="ZmFkZXIyMzQ=" x="28" y="400" w="200" h="50" color="purple" scalef="0.0" scalet="1.0" type="faderh" response="absolute" inverted="false" centered="false" ><midi var ="x" type="0" channel="1" data1="26" data2f="0" data2t="127" sysex="" /></control><control name="ZmFkZXIyMzU=" x="28" y="900" w="200" h="50" color="purple" scalef="0.0" scalet="1.0" type="faderh" response="absolute" inverted="false" centered="false" ></control><control name="bGFiZWwyMzY=" x="628" y="850" w="50" h="50" color="purple" type="labelv" text="R2E=" size="17" background="true" outline="false" ></control><control name="bGFiZWwyMzc=" x="628" y="900" w="50" h="50" color="purple" type="labelv" text="RGlz" size="17" background="true" outline="false" ></control><control name="ZmFkZXIyMzY=" x="228" y="100" w="200" h="50" color="purple" scalef="0.0" scalet="1.0" type="faderh" response="absolute" inverted="false" centered="false" ><midi var ="x" type="0" channel="11" data1="76" data2f="0" data2t="127" sysex="" /></control><control name="bGFiZWwyMzg=" x="428" y="100" w="50" h="50" color="purple" type="labelv" text="cm5k" size="17" background="true" outline="false" ></control><control name="ZmFkZXIyMzc=" x="228" y="150" w="200" h="50" color="purple" scalef="0.0" scalet="1.0" type="faderh" response="absolute" inverted="false" centered="false" ><midi var ="x" type="0" channel="11" data1="77" data2f="0" data2t="127" sysex="" /></control><control name="ZmFkZXIyMzg=" x="228" y="200" w="200" h="50" color="purple" scalef="0.0" scalet="1.0" type="faderh" response="absolute" inverted="false" centered="false" ><midi var ="x" type="0" channel="11" data1="78" data2f="0" data2t="127" sysex="" /></control><control name="bGFiZWwyMzk=" x="428" y="150" w="50" h="50" color="purple" type="labelv" text="Y2g=" size="17" background="true" outline="false" ></control><control name="bGFiZWwyNDA=" x="428" y="200" w="50" h="50" color="purple" type="labelv" text="c2Ns" size="17" background="true" outline="false" ></control><control name="ZmFkZXIyMzk=" x="228" y="250" w="200" h="50" color="purple" scalef="0.0" scalet="1.0" type="faderh" response="absolute" inverted="false" centered="false" ><midi var ="x" type="0" channel="11" data1="79" data2f="0" data2t="127" sysex="" /></control><control name="bGFiZWwyNDE=" x="428" y="250" w="50" h="50" color="purple" type="labelv" text="ZHJvcA==" size="17" background="true" outline="false" ></control><control name="ZmFkZXIyNDA=" x="28" y="450" w="200" h="50" color="purple" scalef="0.0" scalet="1.0" type="faderh" response="absolute" inverted="false" centered="false" ></control><control name="bXVsdGl4eTEx" x="78" y="550" w="150" h="150" color="purple" scalef="0.0" scalet="1.0" type="multixy" inverted_x="false" inverted_y="false" rev_xy="false" ></control><control name="bXVsdGl4eTEy" x="78" y="750" w="150" h="150" color="purple" scalef="0.0" scalet="1.0" type="multixy" inverted_x="false" inverted_y="false" rev_xy="false" ></control><control name="bGFiZWwyNDI=" x="228" y="400" w="50" h="50" color="purple" type="labelv" text="RmI=" size="17" background="true" outline="false" ></control><control name="bGFiZWwyNDM=" x="228" y="450" w="50" h="50" color="purple" type="labelv" text="TWl4" size="17" background="true" outline="false" ></control><control name="bGFiZWwyNDQ=" x="228" y="750" w="50" h="200" color="purple" type="labelv" text="RXJvc2lvbg==" size="17" background="true" outline="false" ></control><control name="bGFiZWwyNDU=" x="228" y="550" w="50" h="150" color="purple" type="labelv" text="Q2hvcnVz" size="17" background="true" outline="false" ></control><control name="bGFiZWwyNDY=" x="28" y="550" w="50" h="150" color="purple" type="labelv" text="eC1kZWxheS95LW1peA==" size="17" background="true" outline="false" ></control><control name="bGFiZWwyNDc=" x="28" y="750" w="50" h="150" color="purple" type="labelv" text="QmFuZHBhc3M=" size="17" background="true" outline="false" ></control></tabpage><tabpage name="Ng==" scalef="0.0" scalet="1.0" li_t="Ng==" li_c="gray" li_s="17" li_o="true" li_b="false" la_t="Ng==" la_c="gray" la_s="17" la_o="true" la_b="false" ><control name="bXVsdGl0b2dnbGUxNDM=" x="628" y="450" w="50" h="100" color="gray" scalef="0.0" scalet="1.0" type="multitoggle" number_x="1" number_y="2" ex_mode="true" local_off="false" ><midi var ="x2" type="0" channel="11" data1="81" data2f="127" data2t="127" sysex="" /><midi var ="x1" type="0" channel="11" data1="81" data2f="0" data2t="0" sysex="" /></control><control name="ZmFkZXIyNDE=" x="428" y="850" w="200" h="50" color="gray" scalef="0.0" scalet="1.0" type="faderh" response="absolute" inverted="false" centered="false" ><midi var ="x" type="0" channel="11" data1="84" data2f="0" data2t="127" sysex="" /></control><control name="bGFiZWwyNDg=" x="678" y="450" w="50" h="100" color="gray" type="labelv" text="UGl0Y2ggQXJw" size="17" background="true" outline="false" ></control><control name="bXVsdGl0b2dnbGUxNDQ=" x="628" y="0" w="50" h="100" color="gray" scalef="0.0" scalet="1.0" type="multitoggle" number_x="1" number_y="2" ex_mode="true" local_off="false" ><midi var ="x2" type="0" channel="10" data1="71" data2f="127" data2t="127" sysex="" /><midi var ="x1" type="0" channel="10" data1="71" data2f="0" data2t="0" sysex="" /></control><control name="bXVsdGl0b2dnbGUxNDU=" x="428" y="450" w="100" h="400" color="gray" scalef="0.0" scalet="1.0" type="multitoggle" number_x="1" number_y="8" ex_mode="true" local_off="false" ><midi var ="x4" type="0" channel="11" data1="83" data2f="49" data2t="49" sysex="" /><midi var ="x3" type="0" channel="11" data1="83" data2f="33" data2t="33" sysex="" /><midi var ="x2" type="0" channel="11" data1="83" data2f="17" data2t="17" sysex="" /><midi var ="x1" type="0" channel="11" data1="83" data2f="0" data2t="0" sysex="" /><midi var ="x8" type="0" channel="11" data1="83" data2f="127" data2t="127" sysex="" /><midi var ="x7" type="0" channel="11" data1="83" data2f="100" data2t="100" sysex="" /><midi var ="x6" type="0" channel="11" data1="83" data2f="82" data2t="82" sysex="" /><midi var ="x5" type="0" channel="11" data1="83" data2f="66" data2t="66" sysex="" /></control><control name="bXVsdGl0b2dnbGUxNDY=" x="628" y="100" w="50" h="100" color="gray" scalef="0.0" scalet="1.0" type="multitoggle" number_x="1" number_y="2" ex_mode="true" local_off="false" ><midi var ="x2" type="0" channel="10" data1="72" data2f="127" data2t="127" sysex="" /><midi var ="x1" type="0" channel="10" data1="72" data2f="0" data2t="0" sysex="" /></control><control name="bGFiZWwyNDk=" x="678" y="0" w="50" h="100" color="gray" type="labelv" text="R2F0ZSBBcnA=" size="17" background="true" outline="false" ></control><control name="bXVsdGl0b2dnbGUxNDc=" x="78" y="0" w="100" h="400" color="gray" scalef="0.0" scalet="1.0" type="multitoggle" number_x="1" number_y="8" ex_mode="true" local_off="false" ><midi var ="x4" type="0" channel="1" data1="26" data2f="3" data2t="3" sysex="" /><midi var ="x3" type="0" channel="1" data1="26" data2f="2" data2t="2" sysex="" /><midi var ="x2" type="0" channel="1" data1="26" data2f="1" data2t="1" sysex="" /><midi var ="x1" type="0" channel="1" data1="26" data2f="0" data2t="0" sysex="" /><midi var ="x8" type="0" channel="1" data1="26" data2f="7" data2t="7" sysex="" /><midi var ="x7" type="0" channel="1" data1="26" data2f="6" data2t="6" sysex="" /><midi var ="x6" type="0" channel="1" data1="26" data2f="5" data2t="5" sysex="" /><midi var ="x5" type="0" channel="1" data1="26" data2f="4" data2t="4" sysex="" /></control><control name="bGFiZWwyNTA=" x="28" y="300" w="50" h="100" color="gray" type="labelv" text="RGVsYXk=" size="17" background="true" outline="false" ></control><control name="bXVsdGl0b2dnbGUxNDg=" x="528" y="0" w="100" h="400" color="gray" scalef="0.0" scalet="1.0" type="multitoggle" number_x="1" number_y="8" ex_mode="true" local_off="false" ><midi var ="x4" type="0" channel="10" data1="73" data2f="49" data2t="49" sysex="" /><midi var ="x3" type="0" channel="10" data1="73" data2f="33" data2t="33" sysex="" /><midi var ="x2" type="0" channel="10" data1="73" data2f="17" data2t="17" sysex="" /><midi var ="x1" type="0" channel="10" data1="73" data2f="0" data2t="0" sysex="" /><midi var ="x8" type="0" channel="10" data1="73" data2f="127" data2t="127" sysex="" /><midi var ="x7" type="0" channel="10" data1="73" data2f="100" data2t="100" sysex="" /><midi var ="x6" type="0" channel="10" data1="73" data2f="82" data2t="82" sysex="" /><midi var ="x5" type="0" channel="10" data1="73" data2f="66" data2t="66" sysex="" /></control><control name="bXVsdGl0b2dnbGUxNDk=" x="528" y="450" w="100" h="400" color="gray" scalef="0.0" scalet="1.0" type="multitoggle" number_x="1" number_y="8" ex_mode="true" local_off="false" ><midi var ="x4" type="0" channel="11" data1="82" data2f="49" data2t="49" sysex="" /><midi var ="x3" type="0" channel="11" data1="82" data2f="33" data2t="33" sysex="" /><midi var ="x2" type="0" channel="11" data1="82" data2f="17" data2t="17" sysex="" /><midi var ="x1" type="0" channel="11" data1="82" data2f="0" data2t="0" sysex="" /><midi var ="x8" type="0" channel="11" data1="82" data2f="127" data2t="127" sysex="" /><midi var ="x7" type="0" channel="11" data1="82" data2f="100" data2t="100" sysex="" /><midi var ="x6" type="0" channel="11" data1="82" data2f="82" data2t="82" sysex="" /><midi var ="x5" type="0" channel="11" data1="82" data2f="66" data2t="66" sysex="" /></control><control name="ZmFkZXIyNDI=" x="428" y="900" w="200" h="50" color="gray" scalef="0.0" scalet="1.0" type="faderh" response="absolute" inverted="false" centered="true" ><midi var ="x" type="0" channel="11" data1="85" data2f="0" data2t="127" sysex="" /></control><control name="ZmFkZXIyNDM=" x="28" y="400" w="200" h="50" color="gray" scalef="0.0" scalet="1.0" type="faderh" response="absolute" inverted="false" centered="false" ><midi var ="x" type="0" channel="1" data1="27" data2f="0" data2t="127" sysex="" /></control><control name="ZmFkZXIyNDQ=" x="28" y="900" w="200" h="50" color="gray" scalef="0.0" scalet="1.0" type="faderh" response="absolute" inverted="false" centered="false" ></control><control name="bGFiZWwyNTE=" x="628" y="850" w="50" h="50" color="gray" type="labelv" text="R2E=" size="17" background="true" outline="false" ></control><control name="bGFiZWwyNTI=" x="628" y="900" w="50" h="50" color="gray" type="labelv" text="RGlz" size="17" background="true" outline="false" ></control><control name="ZmFkZXIyNDU=" x="228" y="100" w="200" h="50" color="gray" scalef="0.0" scalet="1.0" type="faderh" response="absolute" inverted="false" centered="false" ><midi var ="x" type="0" channel="11" data1="86" data2f="0" data2t="127" sysex="" /></control><control name="bGFiZWwyNTM=" x="428" y="100" w="50" h="50" color="gray" type="labelv" text="cm5k" size="17" background="true" outline="false" ></control><control name="ZmFkZXIyNDY=" x="228" y="150" w="200" h="50" color="gray" scalef="0.0" scalet="1.0" type="faderh" response="absolute" inverted="false" centered="false" ><midi var ="x" type="0" channel="11" data1="87" data2f="0" data2t="127" sysex="" /></control><control name="ZmFkZXIyNDc=" x="228" y="200" w="200" h="50" color="gray" scalef="0.0" scalet="1.0" type="faderh" response="absolute" inverted="false" centered="false" ><midi var ="x" type="0" channel="11" data1="88" data2f="0" data2t="127" sysex="" /></control><control name="bGFiZWwyNTQ=" x="428" y="150" w="50" h="50" color="gray" type="labelv" text="Y2g=" size="17" background="true" outline="false" ></control><control name="bGFiZWwyNTU=" x="428" y="200" w="50" h="50" color="gray" type="labelv" text="c2Ns" size="17" background="true" outline="false" ></control><control name="ZmFkZXIyNDg=" x="228" y="250" w="200" h="50" color="gray" scalef="0.0" scalet="1.0" type="faderh" response="absolute" inverted="false" centered="false" ><midi var ="x" type="0" channel="11" data1="89" data2f="0" data2t="127" sysex="" /></control><control name="bGFiZWwyNTY=" x="428" y="250" w="50" h="50" color="gray" type="labelv" text="ZHJvcA==" size="17" background="true" outline="false" ></control><control name="ZmFkZXIyNDk=" x="28" y="450" w="200" h="50" color="gray" scalef="0.0" scalet="1.0" type="faderh" response="absolute" inverted="false" centered="false" ></control><control name="bXVsdGl4eTEz" x="78" y="550" w="150" h="150" color="gray" scalef="0.0" scalet="1.0" type="multixy" inverted_x="false" inverted_y="false" rev_xy="false" ></control><control name="bXVsdGl4eTE0" x="78" y="750" w="150" h="150" color="gray" scalef="0.0" scalet="1.0" type="multixy" inverted_x="false" inverted_y="false" rev_xy="false" ></control><control name="bGFiZWwyNTc=" x="228" y="400" w="50" h="50" color="gray" type="labelv" text="RmI=" size="17" background="true" outline="false" ></control><control name="bGFiZWwyNTg=" x="228" y="450" w="50" h="50" color="gray" type="labelv" text="TWl4" size="17" background="true" outline="false" ></control><control name="bGFiZWwyNTk=" x="228" y="750" w="50" h="200" color="gray" type="labelv" text="RXJvc2lvbg==" size="17" background="true" outline="false" ></control><control name="bGFiZWwyNjA=" x="228" y="550" w="50" h="150" color="gray" type="labelv" text="Q2hvcnVz" size="17" background="true" outline="false" ></control><control name="bGFiZWwyNjE=" x="28" y="550" w="50" h="150" color="gray" type="labelv" text="eC1kZWxheS95LW1peA==" size="17" background="true" outline="false" ></control><control name="bGFiZWwyNjI=" x="28" y="750" w="50" h="150" color="gray" type="labelv" text="QmFuZHBhc3M=" size="17" background="true" outline="false" ></control></tabpage><tabpage name="Nw==" scalef="0.0" scalet="1.0" li_t="Nw==" li_c="orange" li_s="17" li_o="true" li_b="false" la_t="Nw==" la_c="orange" la_s="17" la_o="true" la_b="false" ><control name="bXVsdGl0b2dnbGUxNTA=" x="628" y="450" w="50" h="100" color="orange" scalef="0.0" scalet="1.0" type="multitoggle" number_x="1" number_y="2" ex_mode="true" local_off="false" ><midi var ="x2" type="0" channel="11" data1="91" data2f="127" data2t="127" sysex="" /><midi var ="x1" type="0" channel="11" data1="91" data2f="0" data2t="0" sysex="" /></control><control name="ZmFkZXIyNTA=" x="428" y="850" w="200" h="50" color="orange" scalef="0.0" scalet="1.0" type="faderh" response="absolute" inverted="false" centered="false" ><midi var ="x" type="0" channel="11" data1="94" data2f="0" data2t="127" sysex="" /></control><control name="bGFiZWwyNjM=" x="678" y="450" w="50" h="100" color="orange" type="labelv" text="UGl0Y2ggQXJw" size="17" background="true" outline="false" ></control><control name="bXVsdGl0b2dnbGUxNTE=" x="628" y="0" w="50" h="100" color="orange" scalef="0.0" scalet="1.0" type="multitoggle" number_x="1" number_y="2" ex_mode="true" local_off="false" ><midi var ="x2" type="0" channel="10" data1="81" data2f="127" data2t="127" sysex="" /><midi var ="x1" type="0" channel="10" data1="81" data2f="0" data2t="0" sysex="" /></control><control name="bXVsdGl0b2dnbGUxNTI=" x="428" y="450" w="100" h="400" color="orange" scalef="0.0" scalet="1.0" type="multitoggle" number_x="1" number_y="8" ex_mode="true" local_off="false" ><midi var ="x4" type="0" channel="11" data1="93" data2f="49" data2t="49" sysex="" /><midi var ="x3" type="0" channel="11" data1="93" data2f="33" data2t="33" sysex="" /><midi var ="x2" type="0" channel="11" data1="93" data2f="17" data2t="17" sysex="" /><midi var ="x1" type="0" channel="11" data1="93" data2f="0" data2t="0" sysex="" /><midi var ="x8" type="0" channel="11" data1="93" data2f="127" data2t="127" sysex="" /><midi var ="x7" type="0" channel="11" data1="93" data2f="100" data2t="100" sysex="" /><midi var ="x6" type="0" channel="11" data1="93" data2f="82" data2t="82" sysex="" /><midi var ="x5" type="0" channel="11" data1="93" data2f="66" data2t="66" sysex="" /></control><control name="bXVsdGl0b2dnbGUxNTM=" x="628" y="100" w="50" h="100" color="orange" scalef="0.0" scalet="1.0" type="multitoggle" number_x="1" number_y="2" ex_mode="true" local_off="false" ><midi var ="x2" type="0" channel="10" data1="82" data2f="127" data2t="127" sysex="" /><midi var ="x1" type="0" channel="10" data1="82" data2f="0" data2t="0" sysex="" /></control><control name="bGFiZWwyNjQ=" x="678" y="0" w="50" h="100" color="orange" type="labelv" text="R2F0ZSBBcnA=" size="17" background="true" outline="false" ></control><control name="bXVsdGl0b2dnbGUxNTQ=" x="78" y="0" w="100" h="400" color="orange" scalef="0.0" scalet="1.0" type="multitoggle" number_x="1" number_y="8" ex_mode="true" local_off="false" ><midi var ="x4" type="0" channel="1" data1="27" data2f="3" data2t="3" sysex="" /><midi var ="x3" type="0" channel="1" data1="27" data2f="2" data2t="2" sysex="" /><midi var ="x2" type="0" channel="1" data1="27" data2f="1" data2t="1" sysex="" /><midi var ="x1" type="0" channel="1" data1="27" data2f="0" data2t="0" sysex="" /><midi var ="x8" type="0" channel="1" data1="27" data2f="7" data2t="7" sysex="" /><midi var ="x7" type="0" channel="1" data1="27" data2f="6" data2t="6" sysex="" /><midi var ="x6" type="0" channel="1" data1="27" data2f="5" data2t="5" sysex="" /><midi var ="x5" type="0" channel="1" data1="27" data2f="4" data2t="4" sysex="" /></control><control name="bGFiZWwyNjU=" x="28" y="300" w="50" h="100" color="orange" type="labelv" text="RGVsYXk=" size="17" background="true" outline="false" ></control><control name="bXVsdGl0b2dnbGUxNTU=" x="528" y="0" w="100" h="400" color="orange" scalef="0.0" scalet="1.0" type="multitoggle" number_x="1" number_y="8" ex_mode="true" local_off="false" ><midi var ="x4" type="0" channel="10" data1="83" data2f="49" data2t="49" sysex="" /><midi var ="x3" type="0" channel="10" data1="83" data2f="33" data2t="33" sysex="" /><midi var ="x2" type="0" channel="10" data1="83" data2f="17" data2t="17" sysex="" /><midi var ="x1" type="0" channel="10" data1="83" data2f="0" data2t="0" sysex="" /><midi var ="x8" type="0" channel="10" data1="83" data2f="127" data2t="127" sysex="" /><midi var ="x7" type="0" channel="10" data1="83" data2f="100" data2t="100" sysex="" /><midi var ="x6" type="0" channel="10" data1="83" data2f="82" data2t="82" sysex="" /><midi var ="x5" type="0" channel="10" data1="83" data2f="66" data2t="66" sysex="" /></control><control name="bXVsdGl0b2dnbGUxNTY=" x="528" y="450" w="100" h="400" color="orange" scalef="0.0" scalet="1.0" type="multitoggle" number_x="1" number_y="8" ex_mode="true" local_off="false" ><midi var ="x4" type="0" channel="11" data1="92" data2f="49" data2t="49" sysex="" /><midi var ="x3" type="0" channel="11" data1="92" data2f="33" data2t="33" sysex="" /><midi var ="x2" type="0" channel="11" data1="92" data2f="17" data2t="17" sysex="" /><midi var ="x1" type="0" channel="11" data1="92" data2f="0" data2t="0" sysex="" /><midi var ="x8" type="0" channel="11" data1="92" data2f="127" data2t="127" sysex="" /><midi var ="x7" type="0" channel="11" data1="92" data2f="100" data2t="100" sysex="" /><midi var ="x6" type="0" channel="11" data1="92" data2f="82" data2t="82" sysex="" /><midi var ="x5" type="0" channel="11" data1="92" data2f="66" data2t="66" sysex="" /></control><control name="ZmFkZXIyNTE=" x="428" y="900" w="200" h="50" color="orange" scalef="0.0" scalet="1.0" type="faderh" response="absolute" inverted="false" centered="true" ><midi var ="x" type="0" channel="11" data1="95" data2f="0" data2t="127" sysex="" /></control><control name="ZmFkZXIyNTI=" x="28" y="400" w="200" h="50" color="orange" scalef="0.0" scalet="1.0" type="faderh" response="absolute" inverted="false" centered="false" ><midi var ="x" type="0" channel="1" data1="28" data2f="0" data2t="127" sysex="" /></control><control name="ZmFkZXIyNTM=" x="28" y="900" w="200" h="50" color="orange" scalef="0.0" scalet="1.0" type="faderh" response="absolute" inverted="false" centered="false" ></control><control name="bGFiZWwyNjY=" x="628" y="850" w="50" h="50" color="orange" type="labelv" text="R2E=" size="17" background="true" outline="false" ></control><control name="bGFiZWwyNjc=" x="628" y="900" w="50" h="50" color="orange" type="labelv" text="RGlz" size="17" background="true" outline="false" ></control><control name="ZmFkZXIyNTQ=" x="228" y="100" w="200" h="50" color="orange" scalef="0.0" scalet="1.0" type="faderh" response="absolute" inverted="false" centered="false" ><midi var ="x" type="0" channel="11" data1="96" data2f="0" data2t="127" sysex="" /></control><control name="bGFiZWwyNjg=" x="428" y="100" w="50" h="50" color="orange" type="labelv" text="cm5k" size="17" background="true" outline="false" ></control><control name="ZmFkZXIyNTU=" x="228" y="150" w="200" h="50" color="orange" scalef="0.0" scalet="1.0" type="faderh" response="absolute" inverted="false" centered="false" ><midi var ="x" type="0" channel="11" data1="97" data2f="0" data2t="127" sysex="" /></control><control name="ZmFkZXIyNTY=" x="228" y="200" w="200" h="50" color="orange" scalef="0.0" scalet="1.0" type="faderh" response="absolute" inverted="false" centered="false" ><midi var ="x" type="0" channel="11" data1="98" data2f="0" data2t="127" sysex="" /></control><control name="bGFiZWwyNjk=" x="428" y="150" w="50" h="50" color="orange" type="labelv" text="Y2g=" size="17" background="true" outline="false" ></control><control name="bGFiZWwyNzA=" x="428" y="200" w="50" h="50" color="orange" type="labelv" text="c2Ns" size="17" background="true" outline="false" ></control><control name="ZmFkZXIyNTc=" x="228" y="250" w="200" h="50" color="orange" scalef="0.0" scalet="1.0" type="faderh" response="absolute" inverted="false" centered="false" ><midi var ="x" type="0" channel="11" data1="99" data2f="0" data2t="127" sysex="" /></control><control name="bGFiZWwyNzE=" x="428" y="250" w="50" h="50" color="orange" type="labelv" text="ZHJvcA==" size="17" background="true" outline="false" ></control><control name="ZmFkZXIyNTg=" x="28" y="450" w="200" h="50" color="orange" scalef="0.0" scalet="1.0" type="faderh" response="absolute" inverted="false" centered="false" ></control><control name="bXVsdGl4eTE1" x="78" y="550" w="150" h="150" color="orange" scalef="0.0" scalet="1.0" type="multixy" inverted_x="false" inverted_y="false" rev_xy="false" ></control><control name="bXVsdGl4eTE2" x="78" y="750" w="150" h="150" color="orange" scalef="0.0" scalet="1.0" type="multixy" inverted_x="false" inverted_y="false" rev_xy="false" ></control><control name="bGFiZWwyNzI=" x="228" y="400" w="50" h="50" color="orange" type="labelv" text="RmI=" size="17" background="true" outline="false" ></control><control name="bGFiZWwyNzM=" x="228" y="450" w="50" h="50" color="orange" type="labelv" text="TWl4" size="17" background="true" outline="false" ></control><control name="bGFiZWwyNzQ=" x="228" y="750" w="50" h="200" color="orange" type="labelv" text="RXJvc2lvbg==" size="17" background="true" outline="false" ></control><control name="bGFiZWwyNzU=" x="228" y="550" w="50" h="150" color="orange" type="labelv" text="Q2hvcnVz" size="17" background="true" outline="false" ></control><control name="bGFiZWwyNzY=" x="28" y="550" w="50" h="150" color="orange" type="labelv" text="eC1kZWxheS95LW1peA==" size="17" background="true" outline="false" ></control><control name="bGFiZWwyNzc=" x="28" y="750" w="50" h="150" color="orange" type="labelv" text="QmFuZHBhc3M=" size="17" background="true" outline="false" ></control></tabpage><tabpage name="OA==" scalef="0.0" scalet="1.0" li_t="OA==" li_c="brown" li_s="17" li_o="true" li_b="false" la_t="OA==" la_c="brown" la_s="17" la_o="true" la_b="false" ><control name="bXVsdGl0b2dnbGUxNTc=" x="628" y="450" w="50" h="100" color="brown" scalef="0.0" scalet="1.0" type="multitoggle" number_x="1" number_y="2" ex_mode="true" local_off="false" ><midi var ="x2" type="0" channel="11" data1="101" data2f="127" data2t="127" sysex="" /><midi var ="x1" type="0" channel="11" data1="101" data2f="0" data2t="0" sysex="" /></control><control name="ZmFkZXIyNTk=" x="428" y="850" w="200" h="50" color="brown" scalef="0.0" scalet="1.0" type="faderh" response="absolute" inverted="false" centered="false" ><midi var ="x" type="0" channel="11" data1="104" data2f="0" data2t="127" sysex="" /></control><control name="bGFiZWwyNzg=" x="678" y="450" w="50" h="100" color="brown" type="labelv" text="UGl0Y2ggQXJw" size="17" background="true" outline="false" ></control><control name="bXVsdGl0b2dnbGUxNTg=" x="628" y="0" w="50" h="100" color="brown" scalef="0.0" scalet="1.0" type="multitoggle" number_x="1" number_y="2" ex_mode="true" local_off="false" ><midi var ="x2" type="0" channel="10" data1="91" data2f="127" data2t="127" sysex="" /><midi var ="x1" type="0" channel="10" data1="91" data2f="0" data2t="0" sysex="" /></control><control name="bXVsdGl0b2dnbGUxNTk=" x="428" y="450" w="100" h="400" color="brown" scalef="0.0" scalet="1.0" type="multitoggle" number_x="1" number_y="8" ex_mode="true" local_off="false" ><midi var ="x4" type="0" channel="11" data1="103" data2f="49" data2t="49" sysex="" /><midi var ="x3" type="0" channel="11" data1="103" data2f="33" data2t="33" sysex="" /><midi var ="x2" type="0" channel="11" data1="103" data2f="17" data2t="17" sysex="" /><midi var ="x1" type="0" channel="11" data1="103" data2f="0" data2t="0" sysex="" /><midi var ="x8" type="0" channel="11" data1="103" data2f="127" data2t="127" sysex="" /><midi var ="x7" type="0" channel="11" data1="103" data2f="100" data2t="100" sysex="" /><midi var ="x6" type="0" channel="11" data1="103" data2f="82" data2t="82" sysex="" /><midi var ="x5" type="0" channel="11" data1="103" data2f="66" data2t="66" sysex="" /></control><control name="bXVsdGl0b2dnbGUxNjA=" x="628" y="100" w="50" h="100" color="brown" scalef="0.0" scalet="1.0" type="multitoggle" number_x="1" number_y="2" ex_mode="true" local_off="false" ><midi var ="x2" type="0" channel="10" data1="92" data2f="127" data2t="127" sysex="" /><midi var ="x1" type="0" channel="10" data1="92" data2f="0" data2t="0" sysex="" /></control><control name="bGFiZWwyNzk=" x="678" y="0" w="50" h="100" color="brown" type="labelv" text="R2F0ZSBBcnA=" size="17" background="true" outline="false" ></control><control name="bXVsdGl0b2dnbGUxNjE=" x="78" y="0" w="100" h="400" color="brown" scalef="0.0" scalet="1.0" type="multitoggle" number_x="1" number_y="8" ex_mode="true" local_off="false" ><midi var ="x4" type="0" channel="1" data1="28" data2f="3" data2t="3" sysex="" /><midi var ="x3" type="0" channel="1" data1="28" data2f="2" data2t="2" sysex="" /><midi var ="x2" type="0" channel="1" data1="28" data2f="1" data2t="1" sysex="" /><midi var ="x1" type="0" channel="1" data1="28" data2f="0" data2t="0" sysex="" /><midi var ="x8" type="0" channel="1" data1="28" data2f="7" data2t="7" sysex="" /><midi var ="x7" type="0" channel="1" data1="28" data2f="6" data2t="6" sysex="" /><midi var ="x6" type="0" channel="1" data1="28" data2f="5" data2t="5" sysex="" /><midi var ="x5" type="0" channel="1" data1="28" data2f="4" data2t="4" sysex="" /></control><control name="bGFiZWwyODA=" x="28" y="300" w="50" h="100" color="brown" type="labelv" text="RGVsYXk=" size="17" background="true" outline="false" ></control><control name="bXVsdGl0b2dnbGUxNjI=" x="528" y="0" w="100" h="400" color="brown" scalef="0.0" scalet="1.0" type="multitoggle" number_x="1" number_y="8" ex_mode="true" local_off="false" ><midi var ="x4" type="0" channel="10" data1="93" data2f="49" data2t="49" sysex="" /><midi var ="x3" type="0" channel="10" data1="93" data2f="33" data2t="33" sysex="" /><midi var ="x2" type="0" channel="10" data1="93" data2f="17" data2t="17" sysex="" /><midi var ="x1" type="0" channel="10" data1="93" data2f="0" data2t="0" sysex="" /><midi var ="x8" type="0" channel="10" data1="93" data2f="127" data2t="127" sysex="" /><midi var ="x7" type="0" channel="10" data1="93" data2f="100" data2t="100" sysex="" /><midi var ="x6" type="0" channel="10" data1="93" data2f="82" data2t="82" sysex="" /><midi var ="x5" type="0" channel="10" data1="93" data2f="66" data2t="66" sysex="" /></control><control name="bXVsdGl0b2dnbGUxNjM=" x="528" y="450" w="100" h="400" color="brown" scalef="0.0" scalet="1.0" type="multitoggle" number_x="1" number_y="8" ex_mode="true" local_off="false" ><midi var ="x4" type="0" channel="11" data1="102" data2f="49" data2t="49" sysex="" /><midi var ="x3" type="0" channel="11" data1="102" data2f="33" data2t="33" sysex="" /><midi var ="x2" type="0" channel="11" data1="102" data2f="17" data2t="17" sysex="" /><midi var ="x1" type="0" channel="11" data1="102" data2f="0" data2t="0" sysex="" /><midi var ="x8" type="0" channel="11" data1="102" data2f="127" data2t="127" sysex="" /><midi var ="x7" type="0" channel="11" data1="102" data2f="100" data2t="100" sysex="" /><midi var ="x6" type="0" channel="11" data1="102" data2f="82" data2t="82" sysex="" /><midi var ="x5" type="0" channel="11" data1="102" data2f="66" data2t="66" sysex="" /></control><control name="ZmFkZXIyNjA=" x="428" y="900" w="200" h="50" color="brown" scalef="0.0" scalet="1.0" type="faderh" response="absolute" inverted="false" centered="true" ><midi var ="x" type="0" channel="11" data1="105" data2f="0" data2t="127" sysex="" /></control><control name="ZmFkZXIyNjE=" x="28" y="400" w="200" h="50" color="brown" scalef="0.0" scalet="1.0" type="faderh" response="absolute" inverted="false" centered="false" ><midi var ="x" type="0" channel="1" data1="29" data2f="0" data2t="127" sysex="" /></control><control name="ZmFkZXIyNjI=" x="28" y="900" w="200" h="50" color="brown" scalef="0.0" scalet="1.0" type="faderh" response="absolute" inverted="false" centered="false" ></control><control name="bGFiZWwyODE=" x="628" y="850" w="50" h="50" color="brown" type="labelv" text="R2E=" size="17" background="true" outline="false" ></control><control name="bGFiZWwyODI=" x="628" y="900" w="50" h="50" color="brown" type="labelv" text="RGlz" size="17" background="true" outline="false" ></control><control name="ZmFkZXIyNjM=" x="228" y="100" w="200" h="50" color="brown" scalef="0.0" scalet="1.0" type="faderh" response="absolute" inverted="false" centered="false" ><midi var ="x" type="0" channel="11" data1="106" data2f="0" data2t="127" sysex="" /></control><control name="bGFiZWwyODM=" x="428" y="100" w="50" h="50" color="brown" type="labelv" text="cm5k" size="17" background="true" outline="false" ></control><control name="ZmFkZXIyNjQ=" x="228" y="150" w="200" h="50" color="brown" scalef="0.0" scalet="1.0" type="faderh" response="absolute" inverted="false" centered="false" ><midi var ="x" type="0" channel="11" data1="107" data2f="0" data2t="127" sysex="" /></control><control name="ZmFkZXIyNjU=" x="228" y="200" w="200" h="50" color="brown" scalef="0.0" scalet="1.0" type="faderh" response="absolute" inverted="false" centered="false" ><midi var ="x" type="0" channel="11" data1="108" data2f="0" data2t="127" sysex="" /></control><control name="bGFiZWwyODQ=" x="428" y="150" w="50" h="50" color="brown" type="labelv" text="Y2g=" size="17" background="true" outline="false" ></control><control name="bGFiZWwyODU=" x="428" y="200" w="50" h="50" color="brown" type="labelv" text="c2Ns" size="17" background="true" outline="false" ></control><control name="ZmFkZXIyNjY=" x="228" y="250" w="200" h="50" color="brown" scalef="0.0" scalet="1.0" type="faderh" response="absolute" inverted="false" centered="false" ><midi var ="x" type="0" channel="11" data1="109" data2f="0" data2t="127" sysex="" /></control><control name="bGFiZWwyODY=" x="428" y="250" w="50" h="50" color="brown" type="labelv" text="ZHJvcA==" size="17" background="true" outline="false" ></control><control name="ZmFkZXIyNjc=" x="28" y="450" w="200" h="50" color="brown" scalef="0.0" scalet="1.0" type="faderh" response="absolute" inverted="false" centered="false" ></control><control name="bXVsdGl4eTE3" x="78" y="550" w="150" h="150" color="brown" scalef="0.0" scalet="1.0" type="multixy" inverted_x="false" inverted_y="false" rev_xy="false" ></control><control name="bXVsdGl4eTE4" x="78" y="750" w="150" h="150" color="brown" scalef="0.0" scalet="1.0" type="multixy" inverted_x="false" inverted_y="false" rev_xy="false" ></control><control name="bGFiZWwyODc=" x="228" y="400" w="50" h="50" color="brown" type="labelv" text="RmI=" size="17" background="true" outline="false" ></control><control name="bGFiZWwyODg=" x="228" y="450" w="50" h="50" color="brown" type="labelv" text="TWl4" size="17" background="true" outline="false" ></control><control name="bGFiZWwyODk=" x="228" y="750" w="50" h="200" color="brown" type="labelv" text="RXJvc2lvbg==" size="17" background="true" outline="false" ></control><control name="bGFiZWwyOTA=" x="228" y="550" w="50" h="150" color="brown" type="labelv" text="Q2hvcnVz" size="17" background="true" outline="false" ></control><control name="bGFiZWwyOTE=" x="28" y="550" w="50" h="150" color="brown" type="labelv" text="eC1kZWxheS95LW1peA==" size="17" background="true" outline="false" ></control><control name="bGFiZWwyOTI=" x="28" y="750" w="50" h="150" color="brown" type="labelv" text="QmFuZHBhc3M=" size="17" background="true" outline="false" ></control></tabpage><tabpage name="MTA=" scalef="0.0" scalet="1.0" li_t="U2VuZHMgTw==" li_c="gray" li_s="17" li_o="true" li_b="false" la_t="U2VuZHMgTw==" la_c="gray" la_s="17" la_o="true" la_b="false" ><control name="cm90YXJ5Mg==" x="608" y="0" w="120" h="120" color="yellow" scalef="0.0" scalet="1.0" type="rotaryh" response="absolute" inverted="false" centered="false" norollover="true" ><midi var ="x" type="0" channel="1" data1="0" data2f="0" data2t="127" sysex="" /></control><control name="cm90YXJ5Mw==" x="488" y="0" w="120" h="120" color="yellow" scalef="0.0" scalet="1.0" type="rotaryh" response="absolute" inverted="false" centered="false" norollover="true" ></control><control name="cm90YXJ5NA==" x="368" y="0" w="120" h="120" color="yellow" scalef="0.0" scalet="1.0" type="rotaryh" response="absolute" inverted="false" centered="false" norollover="true" ></control><control name="cm90YXJ5NQ==" x="248" y="0" w="120" h="120" color="yellow" scalef="0.0" scalet="1.0" type="rotaryh" response="absolute" inverted="false" centered="false" norollover="true" ></control><control name="cm90YXJ5Ng==" x="128" y="0" w="120" h="120" color="yellow" scalef="0.0" scalet="1.0" type="rotaryh" response="absolute" inverted="false" centered="false" norollover="true" ></control><control name="cm90YXJ5Nw==" x="8" y="0" w="120" h="120" color="yellow" scalef="0.0" scalet="1.0" type="rotaryh" response="absolute" inverted="false" centered="false" norollover="true" ></control><control name="cm90YXJ5OA==" x="608" y="120" w="120" h="120" color="red" scalef="0.0" scalet="1.0" type="rotaryh" response="absolute" inverted="false" centered="false" norollover="true" ><midi var ="x" type="0" channel="1" data1="0" data2f="0" data2t="127" sysex="" /></control><control name="cm90YXJ5OQ==" x="488" y="120" w="120" h="120" color="red" scalef="0.0" scalet="1.0" type="rotaryh" response="absolute" inverted="false" centered="false" norollover="true" ></control><control name="cm90YXJ5MTA=" x="368" y="120" w="120" h="120" color="red" scalef="0.0" scalet="1.0" type="rotaryh" response="absolute" inverted="false" centered="false" norollover="true" ></control><control name="cm90YXJ5MTE=" x="248" y="120" w="120" h="120" color="red" scalef="0.0" scalet="1.0" type="rotaryh" response="absolute" inverted="false" centered="false" norollover="true" ></control><control name="cm90YXJ5MTI=" x="128" y="120" w="120" h="120" color="red" scalef="0.0" scalet="1.0" type="rotaryh" response="absolute" inverted="false" centered="false" norollover="true" ></control><control name="cm90YXJ5MTM=" x="8" y="120" w="120" h="120" color="red" scalef="0.0" scalet="1.0" type="rotaryh" response="absolute" inverted="false" centered="false" norollover="true" ></control><control name="cm90YXJ5MTQ=" x="608" y="240" w="120" h="120" color="green" scalef="0.0" scalet="1.0" type="rotaryh" response="absolute" inverted="false" centered="false" norollover="true" ><midi var ="x" type="0" channel="1" data1="0" data2f="0" data2t="127" sysex="" /></control><control name="cm90YXJ5MTU=" x="488" y="240" w="120" h="120" color="green" scalef="0.0" scalet="1.0" type="rotaryh" response="absolute" inverted="false" centered="false" norollover="true" ></control><control name="cm90YXJ5MTY=" x="368" y="240" w="120" h="120" color="green" scalef="0.0" scalet="1.0" type="rotaryh" response="absolute" inverted="false" centered="false" norollover="true" ></control><control name="cm90YXJ5MTc=" x="248" y="240" w="120" h="120" color="green" scalef="0.0" scalet="1.0" type="rotaryh" response="absolute" inverted="false" centered="false" norollover="true" ></control><control name="cm90YXJ5MTg=" x="128" y="240" w="120" h="120" color="green" scalef="0.0" scalet="1.0" type="rotaryh" response="absolute" inverted="false" centered="false" norollover="true" ></control><control name="cm90YXJ5MTk=" x="8" y="240" w="120" h="120" color="green" scalef="0.0" scalet="1.0" type="rotaryh" response="absolute" inverted="false" centered="false" norollover="true" ></control><control name="cm90YXJ5MjA=" x="608" y="360" w="120" h="120" color="blue" scalef="0.0" scalet="1.0" type="rotaryh" response="absolute" inverted="false" centered="false" norollover="true" ><midi var ="x" type="0" channel="1" data1="0" data2f="0" data2t="127" sysex="" /></control><control name="cm90YXJ5MjE=" x="488" y="360" w="120" h="120" color="blue" scalef="0.0" scalet="1.0" type="rotaryh" response="absolute" inverted="false" centered="false" norollover="true" ></control><control name="cm90YXJ5MjI=" x="368" y="360" w="120" h="120" color="blue" scalef="0.0" scalet="1.0" type="rotaryh" response="absolute" inverted="false" centered="false" norollover="true" ></control><control name="cm90YXJ5MjM=" x="248" y="360" w="120" h="120" color="blue" scalef="0.0" scalet="1.0" type="rotaryh" response="absolute" inverted="false" centered="false" norollover="true" ></control><control name="cm90YXJ5MjQ=" x="128" y="360" w="120" h="120" color="blue" scalef="0.0" scalet="1.0" type="rotaryh" response="absolute" inverted="false" centered="false" norollover="true" ></control><control name="cm90YXJ5MjU=" x="8" y="360" w="120" h="120" color="blue" scalef="0.0" scalet="1.0" type="rotaryh" response="absolute" inverted="false" centered="false" norollover="true" ></control><control name="cm90YXJ5MjY=" x="608" y="480" w="120" h="120" color="purple" scalef="0.0" scalet="1.0" type="rotaryh" response="absolute" inverted="false" centered="false" norollover="true" ><midi var ="x" type="0" channel="1" data1="0" data2f="0" data2t="127" sysex="" /></control><control name="cm90YXJ5Mjc=" x="488" y="480" w="120" h="120" color="purple" scalef="0.0" scalet="1.0" type="rotaryh" response="absolute" inverted="false" centered="false" norollover="true" ></control><control name="cm90YXJ5Mjg=" x="368" y="480" w="120" h="120" color="purple" scalef="0.0" scalet="1.0" type="rotaryh" response="absolute" inverted="false" centered="false" norollover="true" ></control><control name="cm90YXJ5Mjk=" x="248" y="480" w="120" h="120" color="purple" scalef="0.0" scalet="1.0" type="rotaryh" response="absolute" inverted="false" centered="false" norollover="true" ></control><control name="cm90YXJ5MzA=" x="128" y="480" w="120" h="120" color="purple" scalef="0.0" scalet="1.0" type="rotaryh" response="absolute" inverted="false" centered="false" norollover="true" ></control><control name="cm90YXJ5MzE=" x="8" y="480" w="120" h="120" color="purple" scalef="0.0" scalet="1.0" type="rotaryh" response="absolute" inverted="false" centered="false" norollover="true" ></control><control name="cm90YXJ5MzI=" x="608" y="600" w="120" h="120" color="gray" scalef="0.0" scalet="1.0" type="rotaryh" response="absolute" inverted="false" centered="false" norollover="true" ><midi var ="x" type="0" channel="1" data1="0" data2f="0" data2t="127" sysex="" /></control><control name="cm90YXJ5MzM=" x="488" y="600" w="120" h="120" color="gray" scalef="0.0" scalet="1.0" type="rotaryh" response="absolute" inverted="false" centered="false" norollover="true" ></control><control name="cm90YXJ5MzQ=" x="368" y="600" w="120" h="120" color="gray" scalef="0.0" scalet="1.0" type="rotaryh" response="absolute" inverted="false" centered="false" norollover="true" ></control><control name="cm90YXJ5MzU=" x="248" y="600" w="120" h="120" color="gray" scalef="0.0" scalet="1.0" type="rotaryh" response="absolute" inverted="false" centered="false" norollover="true" ></control><control name="cm90YXJ5MzY=" x="128" y="600" w="120" h="120" color="gray" scalef="0.0" scalet="1.0" type="rotaryh" response="absolute" inverted="false" centered="false" norollover="true" ></control><control name="cm90YXJ5Mzc=" x="8" y="600" w="120" h="120" color="gray" scalef="0.0" scalet="1.0" type="rotaryh" response="absolute" inverted="false" centered="false" norollover="true" ></control><control name="cm90YXJ5Mzg=" x="608" y="720" w="120" h="120" color="orange" scalef="0.0" scalet="1.0" type="rotaryh" response="absolute" inverted="false" centered="false" norollover="true" ><midi var ="x" type="0" channel="1" data1="0" data2f="0" data2t="127" sysex="" /></control><control name="cm90YXJ5Mzk=" x="488" y="720" w="120" h="120" color="orange" scalef="0.0" scalet="1.0" type="rotaryh" response="absolute" inverted="false" centered="false" norollover="true" ></control><control name="cm90YXJ5NDA=" x="368" y="720" w="120" h="120" color="orange" scalef="0.0" scalet="1.0" type="rotaryh" response="absolute" inverted="false" centered="false" norollover="true" ></control><control name="cm90YXJ5NDE=" x="248" y="720" w="120" h="120" color="orange" scalef="0.0" scalet="1.0" type="rotaryh" response="absolute" inverted="false" centered="false" norollover="true" ></control><control name="cm90YXJ5NDI=" x="128" y="720" w="120" h="120" color="orange" scalef="0.0" scalet="1.0" type="rotaryh" response="absolute" inverted="false" centered="false" norollover="true" ></control><control name="cm90YXJ5NDM=" x="8" y="720" w="120" h="120" color="orange" scalef="0.0" scalet="1.0" type="rotaryh" response="absolute" inverted="false" centered="false" norollover="true" ></control><control name="cm90YXJ5NDQ=" x="608" y="840" w="120" h="120" color="brown" scalef="0.0" scalet="1.0" type="rotaryh" response="absolute" inverted="false" centered="false" norollover="true" ><midi var ="x" type="0" channel="1" data1="0" data2f="0" data2t="127" sysex="" /></control><control name="cm90YXJ5NDU=" x="488" y="840" w="120" h="120" color="brown" scalef="0.0" scalet="1.0" type="rotaryh" response="absolute" inverted="false" centered="false" norollover="true" ></control><control name="cm90YXJ5NDY=" x="368" y="840" w="120" h="120" color="brown" scalef="0.0" scalet="1.0" type="rotaryh" response="absolute" inverted="false" centered="false" norollover="true" ></control><control name="cm90YXJ5NDc=" x="248" y="840" w="120" h="120" color="brown" scalef="0.0" scalet="1.0" type="rotaryh" response="absolute" inverted="false" centered="false" norollover="true" ></control><control name="cm90YXJ5NDg=" x="128" y="840" w="120" h="120" color="brown" scalef="0.0" scalet="1.0" type="rotaryh" response="absolute" inverted="false" centered="false" norollover="true" ></control><control name="cm90YXJ5NDk=" x="8" y="840" w="120" h="120" color="brown" scalef="0.0" scalet="1.0" type="rotaryh" response="absolute" inverted="false" centered="false" norollover="true" ></control><control name="bGFiZWwxMTI=" x="608" y="960" w="120" h="60" color="gray" type="labelv" text="QQ==" size="48" background="true" outline="false" ></control><control name="bGFiZWwxMTM=" x="488" y="960" w="120" h="60" color="gray" type="labelv" text="Qg==" size="48" background="true" outline="false" ></control><control name="bGFiZWwxMTQ=" x="368" y="960" w="120" h="60" color="gray" type="labelv" text="Qw==" size="48" background="true" outline="false" ></control><control name="bGFiZWwxMTU=" x="248" y="960" w="120" h="59" color="gray" type="labelv" text="RA==" size="48" background="true" outline="false" ></control><control name="bGFiZWwxMTY=" x="128" y="960" w="120" h="60" color="gray" type="labelv" text="RQ==" size="48" background="true" outline="false" ></control><control name="bGFiZWwxMTc=" x="8" y="960" w="120" h="59" color="gray" type="labelv" text="Rg==" size="48" background="true" outline="false" ></control></tabpage><tabpage name="OQ==" scalef="0.0" scalet="1.0" li_t="U2VuZHMgSQ==" li_c="gray" li_s="17" li_o="true" li_b="false" la_t="U2VuZHMgSQ==" la_c="gray" la_s="17" la_o="true" la_b="false" ><control name="ZmFkZXI5MA==" x="608" y="0" w="120" h="120" color="yellow" scalef="0.0" scalet="1.0" type="faderh" response="absolute" inverted="false" centered="false" ></control><control name="ZmFkZXI5MQ==" x="488" y="0" w="120" h="120" color="yellow" scalef="0.0" scalet="1.0" type="faderh" response="absolute" inverted="false" centered="false" ></control><control name="ZmFkZXI5Mg==" x="368" y="0" w="120" h="120" color="yellow" scalef="0.0" scalet="1.0" type="faderh" response="absolute" inverted="false" centered="false" ></control><control name="ZmFkZXI5Mw==" x="248" y="0" w="120" h="120" color="yellow" scalef="0.0" scalet="1.0" type="faderh" response="absolute" inverted="false" centered="false" ></control><control name="ZmFkZXI5NA==" x="128" y="0" w="120" h="120" color="yellow" scalef="0.0" scalet="1.0" type="faderh" response="absolute" inverted="false" centered="false" ></control><control name="ZmFkZXI5NQ==" x="8" y="0" w="120" h="120" color="yellow" scalef="0.0" scalet="1.0" type="faderh" response="absolute" inverted="false" centered="false" ></control><control name="ZmFkZXI5Ng==" x="608" y="120" w="120" h="120" color="red" scalef="0.0" scalet="1.0" type="faderh" response="absolute" inverted="false" centered="false" ></control><control name="ZmFkZXI5Nw==" x="488" y="120" w="120" h="120" color="red" scalef="0.0" scalet="1.0" type="faderh" response="absolute" inverted="false" centered="false" ></control><control name="ZmFkZXI5OA==" x="368" y="120" w="120" h="120" color="red" scalef="0.0" scalet="1.0" type="faderh" response="absolute" inverted="false" centered="false" ></control><control name="ZmFkZXI5OQ==" x="248" y="120" w="120" h="120" color="red" scalef="0.0" scalet="1.0" type="faderh" response="absolute" inverted="false" centered="false" ></control><control name="ZmFkZXIxMDA=" x="128" y="120" w="120" h="120" color="red" scalef="0.0" scalet="1.0" type="faderh" response="absolute" inverted="false" centered="false" ></control><control name="ZmFkZXIxMDE=" x="8" y="120" w="120" h="120" color="red" scalef="0.0" scalet="1.0" type="faderh" response="absolute" inverted="false" centered="false" ></control><control name="ZmFkZXIxMTQ=" x="609" y="240" w="119" h="120" color="green" scalef="0.0" scalet="1.0" type="faderh" response="absolute" inverted="false" centered="false" ></control><control name="ZmFkZXIxMTU=" x="487" y="240" w="120" h="120" color="green" scalef="0.0" scalet="1.0" type="faderh" response="absolute" inverted="false" centered="false" ></control><control name="ZmFkZXIxMTY=" x="368" y="240" w="120" h="120" color="green" scalef="0.0" scalet="1.0" type="faderh" response="absolute" inverted="false" centered="false" ></control><control name="ZmFkZXIxMTc=" x="248" y="240" w="120" h="120" color="green" scalef="0.0" scalet="1.0" type="faderh" response="absolute" inverted="false" centered="false" ></control><control name="ZmFkZXIxMTg=" x="128" y="240" w="120" h="120" color="green" scalef="0.0" scalet="1.0" type="faderh" response="absolute" inverted="false" centered="false" ></control><control name="ZmFkZXIxMTk=" x="8" y="240" w="120" h="120" color="green" scalef="0.0" scalet="1.0" type="faderh" response="absolute" inverted="false" centered="false" ></control><control name="ZmFkZXIxMjA=" x="608" y="360" w="120" h="120" color="blue" scalef="0.0" scalet="1.0" type="faderh" response="absolute" inverted="false" centered="false" ></control><control name="ZmFkZXIxMjE=" x="488" y="360" w="120" h="120" color="blue" scalef="0.0" scalet="1.0" type="faderh" response="absolute" inverted="false" centered="false" ></control><control name="ZmFkZXIxMjI=" x="368" y="360" w="120" h="120" color="blue" scalef="0.0" scalet="1.0" type="faderh" response="absolute" inverted="false" centered="false" ></control><control name="ZmFkZXIxMjM=" x="248" y="360" w="120" h="120" color="blue" scalef="0.0" scalet="1.0" type="faderh" response="absolute" inverted="false" centered="false" ></control><control name="ZmFkZXIxMjQ=" x="128" y="360" w="120" h="120" color="blue" scalef="0.0" scalet="1.0" type="faderh" response="absolute" inverted="false" centered="false" ></control><control name="ZmFkZXIxMjU=" x="8" y="360" w="120" h="120" color="blue" scalef="0.0" scalet="1.0" type="faderh" response="absolute" inverted="false" centered="false" ></control><control name="ZmFkZXIxMjY=" x="608" y="480" w="120" h="120" color="purple" scalef="0.0" scalet="1.0" type="faderh" response="absolute" inverted="false" centered="false" ></control><control name="ZmFkZXIxMjc=" x="488" y="480" w="120" h="120" color="purple" scalef="0.0" scalet="1.0" type="faderh" response="absolute" inverted="false" centered="false" ></control><control name="ZmFkZXIxMjg=" x="368" y="480" w="120" h="120" color="purple" scalef="0.0" scalet="1.0" type="faderh" response="absolute" inverted="false" centered="false" ></control><control name="ZmFkZXIxMjk=" x="248" y="480" w="120" h="120" color="purple" scalef="0.0" scalet="1.0" type="faderh" response="absolute" inverted="false" centered="false" ></control><control name="ZmFkZXIxMzA=" x="128" y="480" w="120" h="120" color="purple" scalef="0.0" scalet="1.0" type="faderh" response="absolute" inverted="false" centered="false" ></control><control name="ZmFkZXIxMzE=" x="8" y="480" w="120" h="120" color="purple" scalef="0.0" scalet="1.0" type="faderh" response="absolute" inverted="false" centered="false" ></control><control name="ZmFkZXIxMzI=" x="608" y="600" w="120" h="120" color="gray" scalef="0.0" scalet="1.0" type="faderh" response="absolute" inverted="false" centered="false" ></control><control name="ZmFkZXIxMzM=" x="488" y="600" w="120" h="120" color="gray" scalef="0.0" scalet="1.0" type="faderh" response="absolute" inverted="false" centered="false" ></control><control name="ZmFkZXIxMzQ=" x="368" y="600" w="120" h="120" color="gray" scalef="0.0" scalet="1.0" type="faderh" response="absolute" inverted="false" centered="false" ></control><control name="ZmFkZXIxMzU=" x="248" y="600" w="120" h="120" color="gray" scalef="0.0" scalet="1.0" type="faderh" response="absolute" inverted="false" centered="false" ></control><control name="ZmFkZXIxMzY=" x="128" y="600" w="120" h="120" color="gray" scalef="0.0" scalet="1.0" type="faderh" response="absolute" inverted="false" centered="false" ></control><control name="ZmFkZXIxMzc=" x="8" y="600" w="120" h="120" color="gray" scalef="0.0" scalet="1.0" type="faderh" response="absolute" inverted="false" centered="false" ></control><control name="ZmFkZXIxMzg=" x="609" y="720" w="119" h="120" color="orange" scalef="0.0" scalet="1.0" type="faderh" response="absolute" inverted="false" centered="false" ></control><control name="ZmFkZXIxMzk=" x="488" y="720" w="120" h="120" color="orange" scalef="0.0" scalet="1.0" type="faderh" response="absolute" inverted="false" centered="false" ></control><control name="ZmFkZXIxNDA=" x="368" y="720" w="120" h="120" color="orange" scalef="0.0" scalet="1.0" type="faderh" response="absolute" inverted="false" centered="false" ></control><control name="ZmFkZXIxNDE=" x="248" y="720" w="120" h="120" color="orange" scalef="0.0" scalet="1.0" type="faderh" response="absolute" inverted="false" centered="false" ></control><control name="ZmFkZXIxNDI=" x="128" y="720" w="120" h="120" color="orange" scalef="0.0" scalet="1.0" type="faderh" response="absolute" inverted="false" centered="false" ></control><control name="ZmFkZXIxNDM=" x="8" y="720" w="120" h="120" color="orange" scalef="0.0" scalet="1.0" type="faderh" response="absolute" inverted="false" centered="false" ></control><control name="ZmFkZXIxNDQ=" x="608" y="840" w="120" h="120" color="brown" scalef="0.0" scalet="1.0" type="faderh" response="absolute" inverted="false" centered="false" ></control><control name="ZmFkZXIxNDU=" x="488" y="840" w="120" h="120" color="brown" scalef="0.0" scalet="1.0" type="faderh" response="absolute" inverted="false" centered="false" ></control><control name="ZmFkZXIxNDY=" x="368" y="840" w="120" h="120" color="brown" scalef="0.0" scalet="1.0" type="faderh" response="absolute" inverted="false" centered="false" ></control><control name="ZmFkZXIxNDc=" x="248" y="840" w="120" h="120" color="brown" scalef="0.0" scalet="1.0" type="faderh" response="absolute" inverted="false" centered="false" ></control><control name="ZmFkZXIxNDg=" x="128" y="840" w="120" h="120" color="brown" scalef="0.0" scalet="1.0" type="faderh" response="absolute" inverted="false" centered="false" ></control><control name="ZmFkZXIxNDk=" x="8" y="840" w="120" h="120" color="brown" scalef="0.0" scalet="1.0" type="faderh" response="absolute" inverted="false" centered="false" ></control><control name="bGFiZWwxMDY=" x="608" y="960" w="120" h="60" color="gray" type="labelv" text="QQ==" size="48" background="true" outline="false" ></control><control name="bGFiZWwxMDc=" x="488" y="960" w="120" h="60" color="gray" type="labelv" text="Qg==" size="48" background="true" outline="false" ></control><control name="bGFiZWwxMDg=" x="368" y="960" w="120" h="60" color="gray" type="labelv" text="Qw==" size="48" background="true" outline="false" ></control><control name="bGFiZWwxMDk=" x="248" y="960" w="120" h="59" color="gray" type="labelv" text="RA==" size="48" background="true" outline="false" ></control><control name="bGFiZWwxMTA=" x="128" y="960" w="120" h="60" color="gray" type="labelv" text="RQ==" size="48" background="true" outline="false" ></control><control name="bGFiZWwxMTE=" x="8" y="960" w="120" h="59" color="gray" type="labelv" text="Rg==" size="48" background="true" outline="false" ></control></tabpage><tabpage name="MTE=" scalef="0.0" scalet="1.0" li_t="" li_c="gray" li_s="14" li_o="false" li_b="false" la_t="" la_c="gray" la_s="14" la_o="false" la_b="false" ></tabpage></layout>