<?xml version="1.0" encoding="UTF-8"?><layout version="16" mode="1" orientation="vertical"><tabpage name="MQ==" scalef="0.0" scalet="1.0" li_t="" li_c="gray" li_s="14" li_o="false" li_b="false" la_t="" la_c="gray" la_s="14" la_o="false" la_b="false" ><control name="cGl0Y2hvbjYw" x="628" y="450" w="50" h="100" color="yellow" scalef="0.0" scalet="1.0" type="multitoggle" number_x="1" number_y="2" ex_mode="true" local_off="false" ></control><control name="ZmFkZXI1NQ==" x="428" y="850" w="200" h="50" color="yellow" scalef="0.0" scalet="1.0" type="faderh" response="absolute" inverted="false" centered="false" ><midi var ="x" type="0" channel="1" data1="0" data2f="0" data2t="127" sysex="" /></control><control name="bGFiZWw1Mg==" x="678" y="450" w="50" h="100" color="yellow" type="labelv" text="UGl0Y2ggQXJw" size="17" background="true" outline="false" ></control><control name="Z2F0ZW9uNjE=" x="628" y="0" w="50" h="100" color="yellow" scalef="0.0" scalet="1.0" type="multitoggle" number_x="1" number_y="2" ex_mode="true" local_off="false" ><midi var ="x1" type="0" channel="10" data1="22" data2f="0" data2t="127" sysex="" /></control><control name="bXVsdGl0b2dnbGU2Mg==" x="428" y="450" w="100" h="400" color="yellow" scalef="0.0" scalet="1.0" type="multitoggle" number_x="1" number_y="8" ex_mode="true" local_off="false" ></control><control name="Z2F0ZWhvbGQ2Mw==" x="628" y="100" w="50" h="100" color="yellow" scalef="0.0" scalet="1.0" type="multitoggle" number_x="1" number_y="2" ex_mode="true" local_off="false" ><midi var ="x1" type="0" channel="10" data1="0" data2f="0" data2t="127" sysex="" /></control><control name="bGFiZWw1NA==" x="678" y="0" w="50" h="100" color="yellow" type="labelv" text="R2F0ZSBBcnA=" size="17" background="true" outline="false" ></control><control name="bXVsdGl0b2dnbGU2NA==" x="78" y="0" w="100" h="400" color="yellow" scalef="0.0" scalet="1.0" type="multitoggle" number_x="1" number_y="8" ex_mode="false" local_off="false" ></control><control name="bGFiZWw1NQ==" x="28" y="300" w="50" h="100" color="yellow" type="labelv" text="RGVsYXk=" size="17" background="true" outline="false" ></control><control name="Z2F0ZXN0ZXBzNjU=" x="528" y="1" w="100" h="400" color="yellow" scalef="0.0" scalet="1.0" type="multitoggle" number_x="1" number_y="8" ex_mode="true" local_off="false" ><midi var ="x4" type="0" channel="10" data1="23" data2f="49" data2t="49" sysex="" /><midi var ="x3" type="0" channel="10" data1="23" data2f="33" data2t="33" sysex="" /><midi var ="x2" type="0" channel="10" data1="23" data2f="17" data2t="17" sysex="" /><midi var ="x1" type="0" channel="10" data1="23" data2f="0" data2t="0" sysex="" /></control><control name="bXVsdGl0b2dnbGU2Ng==" x="528" y="450" w="100" h="400" color="yellow" scalef="0.0" scalet="1.0" type="multitoggle" number_x="1" number_y="8" ex_mode="true" local_off="false" ></control><control name="bXVsdGl0b2dnbGU2Nw==" x="78" y="450" w="100" h="400" color="yellow" scalef="0.0" scalet="1.0" type="multitoggle" number_x="1" number_y="8" ex_mode="false" local_off="false" ></control><control name="ZmFkZXI1OQ==" x="428" y="900" w="200" h="50" color="yellow" scalef="0.0" scalet="1.0" type="faderh" response="absolute" inverted="false" centered="false" ><midi var ="x" type="0" channel="1" data1="117" data2f="0" data2t="127" sysex="" /></control><control name="ZmFkZXI2MA==" x="28" y="400" w="200" h="50" color="yellow" scalef="0.0" scalet="1.0" type="faderh" response="absolute" inverted="false" centered="false" ></control><control name="ZmFkZXI2MQ==" x="28" y="850" w="200" h="50" color="yellow" scalef="0.0" scalet="1.0" type="faderh" response="absolute" inverted="false" centered="false" ></control><control name="bGFiZWw1Ng==" x="28" y="750" w="50" h="100" color="yellow" type="labelv" text="UmV2ZXJzZQ==" size="17" background="true" outline="false" ></control><control name="bGFiZWw1Nw==" x="628" y="850" w="50" h="50" color="yellow" type="labelv" text="R2E=" size="17" background="true" outline="false" ></control><control name="bGFiZWw1OA==" x="628" y="900" w="50" h="50" color="yellow" type="labelv" text="RGlz" size="17" background="true" outline="false" ></control><control name="ZmFkZXIxNTA=" x="228" y="100" w="200" h="50" color="yellow" scalef="0.0" scalet="1.0" type="faderh" response="absolute" inverted="false" centered="false" ></control><control name="bGFiZWwxMTg=" x="428" y="100" w="50" h="50" color="yellow" type="labelv" text="cm5k" size="17" background="true" outline="false" ></control><control name="ZmFkZXIxNTE=" x="228" y="150" w="200" h="50" color="yellow" scalef="0.0" scalet="1.0" type="faderh" response="absolute" inverted="false" centered="false" ></control><control name="ZmFkZXIxNTI=" x="228" y="200" w="200" h="50" color="yellow" scalef="0.0" scalet="1.0" type="faderh" response="absolute" inverted="false" centered="true" ><midi var ="x" type="0" channel="11" data1="0" data2f="0" data2t="127" sysex="" /></control><control name="bGFiZWwxMTk=" x="428" y="150" w="50" h="50" color="yellow" type="labelv" text="Y2g=" size="17" background="true" outline="false" ></control><control name="bGFiZWwxMjA=" x="428" y="200" w="50" h="50" color="yellow" type="labelv" text="c2Ns" size="17" background="true" outline="false" ></control><control name="ZmFkZXIxNTM=" x="229" y="250" w="200" h="50" color="yellow" scalef="0.0" scalet="1.0" type="faderh" response="absolute" inverted="false" centered="false" ><midi var ="x" type="0" channel="11" data1="29" data2f="0" data2t="127" sysex="" /></control><control name="bGFiZWwxMjE=" x="428" y="250" w="50" h="50" color="yellow" type="labelv" text="ZHJvcA==" size="17" background="true" outline="false" ></control><control name="bGFiZWwxMjU=" x="278" y="550" w="100" h="100" color="yellow" type="labelv" text="MQ==" size="48" background="true" outline="false" ></control></tabpage><tabpage name="Mg==" scalef="0.0" scalet="1.0" li_t="" li_c="gray" li_s="14" li_o="false" li_b="false" la_t="" la_c="gray" la_s="14" la_o="false" la_b="false" ><control name="bXVsdGl0b2dnbGU1Mg==" x="628" y="450" w="50" h="100" color="red" scalef="0.0" scalet="1.0" type="multitoggle" number_x="1" number_y="2" ex_mode="false" local_off="false" ></control><control name="ZmFkZXI0OA==" x="428" y="850" w="200" h="50" color="red" scalef="0.0" scalet="1.0" type="faderh" response="absolute" inverted="false" centered="false" ><midi var ="x" type="0" channel="1" data1="0" data2f="0" data2t="127" sysex="" /></control><control name="bGFiZWw0Mw==" x="678" y="450" w="50" h="100" color="red" type="labelv" text="UGl0Y2ggQXJw" size="17" background="true" outline="false" ></control><control name="bXVsdGl0b2dnbGU1Mw==" x="628" y="0" w="50" h="100" color="red" scalef="0.0" scalet="1.0" type="multitoggle" number_x="1" number_y="2" ex_mode="false" local_off="false" ></control><control name="bXVsdGl0b2dnbGU1NA==" x="428" y="450" w="100" h="400" color="red" scalef="0.0" scalet="1.0" type="multitoggle" number_x="1" number_y="8" ex_mode="false" local_off="false" ></control><control name="bXVsdGl0b2dnbGU1NQ==" x="628" y="100" w="50" h="100" color="red" scalef="0.0" scalet="1.0" type="multitoggle" number_x="1" number_y="2" ex_mode="false" local_off="false" ></control><control name="bGFiZWw0NQ==" x="678" y="0" w="50" h="100" color="red" type="labelv" text="R2F0ZSBBcnA=" size="17" background="true" outline="false" ></control><control name="bXVsdGl0b2dnbGU1Nw==" x="528" y="0" w="100" h="400" color="red" scalef="0.0" scalet="1.0" type="multitoggle" number_x="1" number_y="8" ex_mode="false" local_off="false" ></control><control name="bXVsdGl0b2dnbGU1OA==" x="528" y="450" w="100" h="400" color="red" scalef="0.0" scalet="1.0" type="multitoggle" number_x="1" number_y="8" ex_mode="false" local_off="false" ></control><control name="bXVsdGl0b2dnbGU1OQ==" x="78" y="450" w="100" h="400" color="red" scalef="0.0" scalet="1.0" type="multitoggle" number_x="1" number_y="8" ex_mode="false" local_off="false" ></control><control name="ZmFkZXI1Mg==" x="428" y="900" w="200" h="50" color="red" scalef="0.0" scalet="1.0" type="faderh" response="absolute" inverted="false" centered="false" ><midi var ="x" type="0" channel="1" data1="0" data2f="0" data2t="127" sysex="" /></control><control name="ZmFkZXI1NA==" x="28" y="850" w="200" h="50" color="red" scalef="0.0" scalet="1.0" type="faderh" response="absolute" inverted="false" centered="false" ></control><control name="bGFiZWw0Nw==" x="28" y="750" w="50" h="100" color="red" type="labelv" text="UmV2ZXJzZQ==" size="17" background="true" outline="false" ></control><control name="bGFiZWw0OA==" x="628" y="850" w="50" h="50" color="red" type="labelv" text="R2E=" size="17" background="true" outline="false" ></control><control name="bGFiZWw0OQ==" x="628" y="900" w="50" h="50" color="red" type="labelv" text="RGlz" size="17" background="true" outline="false" ></control><control name="bGFiZWw2Mw==" x="278" y="550" w="100" h="100" color="red" type="labelv" text="Mg==" size="48" background="true" outline="false" ></control><control name="bXVsdGl0b2dnbGUxMDA=" x="78" y="0" w="100" h="400" color="red" scalef="0.0" scalet="1.0" type="multitoggle" number_x="1" number_y="8" ex_mode="false" local_off="false" ></control><control name="bGFiZWwxMjY=" x="28" y="300" w="50" h="100" color="red" type="labelv" text="RGVsYXk=" size="17" background="true" outline="false" ></control><control name="ZmFkZXIxNTU=" x="28" y="400" w="200" h="50" color="red" scalef="0.0" scalet="1.0" type="faderh" response="absolute" inverted="false" centered="false" ></control><control name="ZmFkZXIxNTY=" x="228" y="100" w="200" h="50" color="red" scalef="0.0" scalet="1.0" type="faderh" response="absolute" inverted="false" centered="false" ></control><control name="bGFiZWwxMjc=" x="428" y="100" w="50" h="50" color="red" type="labelv" text="cm5k" size="17" background="true" outline="false" ></control><control name="ZmFkZXIxNTc=" x="228" y="150" w="200" h="50" color="red" scalef="0.0" scalet="1.0" type="faderh" response="absolute" inverted="false" centered="false" ></control><control name="ZmFkZXIxNTg=" x="228" y="200" w="200" h="50" color="red" scalef="0.0" scalet="1.0" type="faderh" response="absolute" inverted="false" centered="true" ></control><control name="bGFiZWwxMjg=" x="428" y="150" w="50" h="50" color="red" type="labelv" text="Y2g=" size="17" background="true" outline="false" ></control><control name="bGFiZWwxMjk=" x="428" y="200" w="50" h="50" color="red" type="labelv" text="c2Ns" size="17" background="true" outline="false" ></control><control name="ZmFkZXIxNTk=" x="228" y="250" w="200" h="50" color="red" scalef="0.0" scalet="1.0" type="faderh" response="absolute" inverted="false" centered="false" ></control><control name="bGFiZWwxMzA=" x="428" y="250" w="50" h="50" color="red" type="labelv" text="ZHJvcA==" size="17" background="true" outline="false" ></control></tabpage><tabpage name="Mw==" scalef="0.0" scalet="1.0" li_t="" li_c="gray" li_s="14" li_o="false" li_b="false" la_t="" la_c="gray" la_s="14" la_o="false" la_b="false" ><control name="bXVsdGl0b2dnbGUzNg==" x="628" y="450" w="50" h="100" color="green" scalef="0.0" scalet="1.0" type="multitoggle" number_x="1" number_y="2" ex_mode="false" local_off="false" ></control><control name="ZmFkZXIzNA==" x="428" y="850" w="200" h="50" color="green" scalef="0.0" scalet="1.0" type="faderh" response="absolute" inverted="false" centered="false" ><midi var ="x" type="0" channel="1" data1="0" data2f="0" data2t="127" sysex="" /></control><control name="bGFiZWwyNQ==" x="678" y="450" w="50" h="100" color="green" type="labelv" text="UGl0Y2ggQXJw" size="17" background="true" outline="false" ></control><control name="bXVsdGl0b2dnbGUzNw==" x="628" y="0" w="50" h="100" color="green" scalef="0.0" scalet="1.0" type="multitoggle" number_x="1" number_y="2" ex_mode="false" local_off="false" ></control><control name="bXVsdGl0b2dnbGUzOA==" x="428" y="450" w="100" h="400" color="green" scalef="0.0" scalet="1.0" type="multitoggle" number_x="1" number_y="8" ex_mode="false" local_off="false" ></control><control name="bXVsdGl0b2dnbGUzOQ==" x="628" y="100" w="50" h="100" color="green" scalef="0.0" scalet="1.0" type="multitoggle" number_x="1" number_y="2" ex_mode="false" local_off="false" ></control><control name="bGFiZWwyNw==" x="678" y="0" w="50" h="100" color="green" type="labelv" text="R2F0ZSBBcnA=" size="17" background="true" outline="false" ></control><control name="bXVsdGl0b2dnbGU0MQ==" x="528" y="0" w="100" h="400" color="green" scalef="0.0" scalet="1.0" type="multitoggle" number_x="1" number_y="8" ex_mode="true" local_off="false" ><midi var ="x3" type="0" channel="1" data1="0" data2f="0" data2t="127" sysex="" /><midi var ="x2" type="0" channel="1" data1="0" data2f="0" data2t="127" sysex="" /><midi var ="x1" type="0" channel="1" data1="0" data2f="0" data2t="127" sysex="" /></control><control name="bXVsdGl0b2dnbGU0Mg==" x="528" y="450" w="100" h="400" color="green" scalef="0.0" scalet="1.0" type="multitoggle" number_x="1" number_y="8" ex_mode="false" local_off="false" ></control><control name="bXVsdGl0b2dnbGU0Mw==" x="78" y="450" w="100" h="400" color="green" scalef="0.0" scalet="1.0" type="multitoggle" number_x="1" number_y="8" ex_mode="false" local_off="false" ></control><control name="ZmFkZXIzOA==" x="428" y="900" w="200" h="50" color="green" scalef="0.0" scalet="1.0" type="faderh" response="absolute" inverted="false" centered="false" ><midi var ="x" type="0" channel="1" data1="0" data2f="0" data2t="127" sysex="" /></control><control name="ZmFkZXI0MA==" x="28" y="850" w="200" h="50" color="green" scalef="0.0" scalet="1.0" type="faderh" response="absolute" inverted="false" centered="false" ></control><control name="bGFiZWwyOQ==" x="28" y="750" w="50" h="100" color="green" type="labelv" text="UmV2ZXJzZQ==" size="17" background="true" outline="false" ></control><control name="bGFiZWwzMA==" x="628" y="850" w="50" h="50" color="green" type="labelv" text="R2E=" size="17" background="true" outline="false" ></control><control name="bGFiZWwzMQ==" x="628" y="900" w="50" h="50" color="green" type="labelv" text="RGlz" size="17" background="true" outline="false" ></control><control name="bGFiZWw2Mg==" x="278" y="550" w="100" h="100" color="green" type="labelv" text="Mw==" size="48" background="true" outline="false" ></control><control name="bXVsdGl0b2dnbGUxMDE=" x="78" y="0" w="100" h="400" color="green" scalef="0.0" scalet="1.0" type="multitoggle" number_x="1" number_y="8" ex_mode="false" local_off="false" ></control><control name="bGFiZWwxMzE=" x="28" y="300" w="50" h="100" color="green" type="labelv" text="RGVsYXk=" size="17" background="true" outline="false" ></control><control name="ZmFkZXIxNjA=" x="28" y="400" w="200" h="50" color="green" scalef="0.0" scalet="1.0" type="faderh" response="absolute" inverted="false" centered="false" ></control><control name="ZmFkZXIxNjE=" x="228" y="100" w="200" h="50" color="green" scalef="0.0" scalet="1.0" type="faderh" response="absolute" inverted="false" centered="false" ></control><control name="bGFiZWwxMzI=" x="428" y="100" w="50" h="50" color="green" type="labelv" text="cm5k" size="17" background="true" outline="false" ></control><control name="ZmFkZXIxNjI=" x="228" y="150" w="200" h="50" color="green" scalef="0.0" scalet="1.0" type="faderh" response="absolute" inverted="false" centered="false" ></control><control name="ZmFkZXIxNjM=" x="228" y="200" w="200" h="50" color="green" scalef="0.0" scalet="1.0" type="faderh" response="absolute" inverted="false" centered="true" ></control><control name="bGFiZWwxMzM=" x="428" y="150" w="50" h="50" color="green" type="labelv" text="Y2g=" size="17" background="true" outline="false" ></control><control name="bGFiZWwxMzQ=" x="428" y="200" w="50" h="50" color="green" type="labelv" text="c2Ns" size="17" background="true" outline="false" ></control><control name="ZmFkZXIxNjQ=" x="228" y="250" w="200" h="50" color="green" scalef="0.0" scalet="1.0" type="faderh" response="absolute" inverted="false" centered="false" ></control><control name="bGFiZWwxMzU=" x="428" y="250" w="50" h="50" color="green" type="labelv" text="ZHJvcA==" size="17" background="true" outline="false" ></control></tabpage><tabpage name="NA==" scalef="0.0" scalet="1.0" li_t="" li_c="gray" li_s="14" li_o="false" li_b="false" la_t="" la_c="gray" la_s="14" la_o="false" la_b="false" ><control name="bXVsdGl0b2dnbGUyOA==" x="628" y="450" w="50" h="100" color="blue" scalef="0.0" scalet="1.0" type="multitoggle" number_x="1" number_y="2" ex_mode="false" local_off="false" ></control><control name="ZmFkZXIyNw==" x="428" y="850" w="200" h="50" color="blue" scalef="0.0" scalet="1.0" type="faderh" response="absolute" inverted="false" centered="false" ><midi var ="x" type="0" channel="1" data1="0" data2f="0" data2t="127" sysex="" /></control><control name="bGFiZWwxNg==" x="678" y="450" w="50" h="100" color="blue" type="labelv" text="UGl0Y2ggQXJw" size="17" background="true" outline="false" ></control><control name="bXVsdGl0b2dnbGUyOQ==" x="628" y="0" w="50" h="100" color="blue" scalef="0.0" scalet="1.0" type="multitoggle" number_x="1" number_y="2" ex_mode="false" local_off="false" ></control><control name="bXVsdGl0b2dnbGUzMA==" x="428" y="450" w="100" h="400" color="blue" scalef="0.0" scalet="1.0" type="multitoggle" number_x="1" number_y="8" ex_mode="false" local_off="false" ></control><control name="bXVsdGl0b2dnbGUzMQ==" x="628" y="100" w="50" h="100" color="blue" scalef="0.0" scalet="1.0" type="multitoggle" number_x="1" number_y="2" ex_mode="false" local_off="false" ></control><control name="bGFiZWwxOA==" x="678" y="0" w="50" h="100" color="blue" type="labelv" text="R2F0ZSBBcnA=" size="17" background="true" outline="false" ></control><control name="bXVsdGl0b2dnbGUzMw==" x="528" y="0" w="100" h="400" color="blue" scalef="0.0" scalet="1.0" type="multitoggle" number_x="1" number_y="8" ex_mode="false" local_off="false" ></control><control name="bXVsdGl0b2dnbGUzNA==" x="528" y="450" w="100" h="400" color="blue" scalef="0.0" scalet="1.0" type="multitoggle" number_x="1" number_y="8" ex_mode="false" local_off="false" ></control><control name="bXVsdGl0b2dnbGUzNQ==" x="78" y="450" w="100" h="400" color="blue" scalef="0.0" scalet="1.0" type="multitoggle" number_x="1" number_y="8" ex_mode="false" local_off="false" ></control><control name="ZmFkZXIzMQ==" x="428" y="900" w="200" h="50" color="blue" scalef="0.0" scalet="1.0" type="faderh" response="absolute" inverted="false" centered="false" ><midi var ="x" type="0" channel="1" data1="0" data2f="0" data2t="127" sysex="" /></control><control name="ZmFkZXIzMw==" x="28" y="850" w="200" h="50" color="blue" scalef="0.0" scalet="1.0" type="faderh" response="absolute" inverted="false" centered="false" ></control><control name="bGFiZWwyMA==" x="28" y="750" w="50" h="100" color="blue" type="labelv" text="UmV2ZXJzZQ==" size="17" background="true" outline="false" ></control><control name="bGFiZWwyMQ==" x="628" y="850" w="50" h="50" color="blue" type="labelv" text="R2E=" size="17" background="true" outline="false" ></control><control name="bGFiZWwyMg==" x="628" y="900" w="50" h="50" color="blue" type="labelv" text="RGlz" size="17" background="true" outline="false" ></control><control name="bGFiZWw2MQ==" x="278" y="550" w="100" h="100" color="blue" type="labelv" text="NA==" size="48" background="true" outline="false" ></control><control name="bXVsdGl0b2dnbGUxMDI=" x="78" y="0" w="100" h="400" color="blue" scalef="0.0" scalet="1.0" type="multitoggle" number_x="1" number_y="8" ex_mode="false" local_off="false" ></control><control name="bGFiZWwxMzY=" x="28" y="300" w="50" h="100" color="blue" type="labelv" text="RGVsYXk=" size="17" background="true" outline="false" ></control><control name="ZmFkZXIxNjU=" x="28" y="400" w="200" h="50" color="blue" scalef="0.0" scalet="1.0" type="faderh" response="absolute" inverted="false" centered="false" ></control><control name="ZmFkZXIxNjY=" x="228" y="100" w="200" h="50" color="blue" scalef="0.0" scalet="1.0" type="faderh" response="absolute" inverted="false" centered="false" ></control><control name="bGFiZWwxMzc=" x="428" y="100" w="50" h="50" color="blue" type="labelv" text="cm5k" size="17" background="true" outline="false" ></control><control name="ZmFkZXIxNjc=" x="228" y="150" w="200" h="50" color="blue" scalef="0.0" scalet="1.0" type="faderh" response="absolute" inverted="false" centered="false" ></control><control name="ZmFkZXIxNjg=" x="228" y="200" w="200" h="50" color="blue" scalef="0.0" scalet="1.0" type="faderh" response="absolute" inverted="false" centered="true" ></control><control name="bGFiZWwxMzg=" x="428" y="150" w="50" h="50" color="blue" type="labelv" text="Y2g=" size="17" background="true" outline="false" ></control><control name="bGFiZWwxMzk=" x="428" y="200" w="50" h="50" color="blue" type="labelv" text="c2Ns" size="17" background="true" outline="false" ></control><control name="ZmFkZXIxNjk=" x="228" y="250" w="200" h="50" color="blue" scalef="0.0" scalet="1.0" type="faderh" response="absolute" inverted="false" centered="false" ></control><control name="bGFiZWwxNDA=" x="428" y="250" w="50" h="50" color="blue" type="labelv" text="ZHJvcA==" size="17" background="true" outline="false" ></control></tabpage><tabpage name="NQ==" scalef="0.0" scalet="1.0" li_t="" li_c="gray" li_s="14" li_o="false" li_b="false" la_t="" la_c="gray" la_s="14" la_o="false" la_b="false" ><control name="bXVsdGl0b2dnbGU2OA==" x="628" y="450" w="50" h="100" color="purple" scalef="0.0" scalet="1.0" type="multitoggle" number_x="1" number_y="2" ex_mode="false" local_off="false" ></control><control name="ZmFkZXI2Mg==" x="428" y="850" w="200" h="50" color="purple" scalef="0.0" scalet="1.0" type="faderh" response="absolute" inverted="false" centered="false" ><midi var ="x" type="0" channel="1" data1="0" data2f="0" data2t="127" sysex="" /></control><control name="bGFiZWw2Ng==" x="678" y="450" w="50" h="100" color="purple" type="labelv" text="UGl0Y2ggQXJw" size="17" background="true" outline="false" ></control><control name="bXVsdGl0b2dnbGU2OQ==" x="628" y="0" w="50" h="100" color="purple" scalef="0.0" scalet="1.0" type="multitoggle" number_x="1" number_y="2" ex_mode="false" local_off="false" ></control><control name="bXVsdGl0b2dnbGU3MA==" x="428" y="450" w="100" h="400" color="purple" scalef="0.0" scalet="1.0" type="multitoggle" number_x="1" number_y="8" ex_mode="false" local_off="false" ></control><control name="bXVsdGl0b2dnbGU3MQ==" x="628" y="100" w="50" h="100" color="purple" scalef="0.0" scalet="1.0" type="multitoggle" number_x="1" number_y="2" ex_mode="false" local_off="false" ></control><control name="bGFiZWw2OA==" x="678" y="0" w="50" h="100" color="purple" type="labelv" text="R2F0ZSBBcnA=" size="17" background="true" outline="false" ></control><control name="bXVsdGl0b2dnbGU3Mw==" x="528" y="0" w="100" h="400" color="purple" scalef="0.0" scalet="1.0" type="multitoggle" number_x="1" number_y="8" ex_mode="false" local_off="false" ></control><control name="bXVsdGl0b2dnbGU3NA==" x="528" y="450" w="100" h="400" color="purple" scalef="0.0" scalet="1.0" type="multitoggle" number_x="1" number_y="8" ex_mode="false" local_off="false" ></control><control name="bXVsdGl0b2dnbGU3NQ==" x="78" y="450" w="100" h="400" color="purple" scalef="0.0" scalet="1.0" type="multitoggle" number_x="1" number_y="8" ex_mode="false" local_off="false" ></control><control name="ZmFkZXI2Ng==" x="428" y="900" w="200" h="50" color="purple" scalef="0.0" scalet="1.0" type="faderh" response="absolute" inverted="false" centered="false" ><midi var ="x" type="0" channel="1" data1="0" data2f="0" data2t="127" sysex="" /></control><control name="ZmFkZXI2OA==" x="28" y="850" w="200" h="50" color="purple" scalef="0.0" scalet="1.0" type="faderh" response="absolute" inverted="false" centered="false" ></control><control name="bGFiZWw3MA==" x="28" y="750" w="50" h="100" color="purple" type="labelv" text="UmV2ZXJzZQ==" size="17" background="true" outline="false" ></control><control name="bGFiZWw3MQ==" x="628" y="850" w="50" h="50" color="purple" type="labelv" text="R2E=" size="17" background="true" outline="false" ></control><control name="bGFiZWw3Mg==" x="628" y="900" w="50" h="50" color="purple" type="labelv" text="RGlz" size="17" background="true" outline="false" ></control><control name="bGFiZWw3NQ==" x="278" y="550" w="100" h="100" color="purple" type="labelv" text="NQ==" size="48" background="true" outline="false" ></control><control name="bXVsdGl0b2dnbGUxMDM=" x="78" y="0" w="100" h="400" color="purple" scalef="0.0" scalet="1.0" type="multitoggle" number_x="1" number_y="8" ex_mode="false" local_off="false" ></control><control name="bGFiZWwxNDE=" x="28" y="300" w="50" h="100" color="purple" type="labelv" text="RGVsYXk=" size="17" background="true" outline="false" ></control><control name="ZmFkZXIxNzA=" x="28" y="400" w="200" h="50" color="purple" scalef="0.0" scalet="1.0" type="faderh" response="absolute" inverted="false" centered="false" ></control><control name="ZmFkZXIxNzE=" x="228" y="100" w="200" h="50" color="purple" scalef="0.0" scalet="1.0" type="faderh" response="absolute" inverted="false" centered="false" ></control><control name="bGFiZWwxNDI=" x="428" y="100" w="50" h="50" color="purple" type="labelv" text="cm5k" size="17" background="true" outline="false" ></control><control name="ZmFkZXIxNzI=" x="228" y="150" w="200" h="50" color="purple" scalef="0.0" scalet="1.0" type="faderh" response="absolute" inverted="false" centered="false" ></control><control name="ZmFkZXIxNzM=" x="228" y="200" w="200" h="50" color="purple" scalef="0.0" scalet="1.0" type="faderh" response="absolute" inverted="false" centered="true" ></control><control name="bGFiZWwxNDM=" x="428" y="150" w="50" h="50" color="purple" type="labelv" text="Y2g=" size="17" background="true" outline="false" ></control><control name="bGFiZWwxNDQ=" x="428" y="200" w="50" h="50" color="purple" type="labelv" text="c2Ns" size="17" background="true" outline="false" ></control><control name="ZmFkZXIxNzQ=" x="228" y="250" w="200" h="50" color="purple" scalef="0.0" scalet="1.0" type="faderh" response="absolute" inverted="false" centered="false" ></control><control name="bGFiZWwxNDU=" x="428" y="250" w="50" h="50" color="purple" type="labelv" text="ZHJvcA==" size="17" background="true" outline="false" ></control></tabpage><tabpage name="Ng==" scalef="0.0" scalet="1.0" li_t="" li_c="gray" li_s="14" li_o="false" li_b="false" la_t="" la_c="gray" la_s="14" la_o="false" la_b="false" ><control name="bXVsdGl0b2dnbGU3Ng==" x="628" y="450" w="50" h="100" color="gray" scalef="0.0" scalet="1.0" type="multitoggle" number_x="1" number_y="2" ex_mode="false" local_off="false" ></control><control name="ZmFkZXI2OQ==" x="428" y="850" w="200" h="50" color="gray" scalef="0.0" scalet="1.0" type="faderh" response="absolute" inverted="false" centered="false" ><midi var ="x" type="0" channel="1" data1="0" data2f="0" data2t="127" sysex="" /></control><control name="bGFiZWw3Ng==" x="678" y="450" w="50" h="100" color="gray" type="labelv" text="UGl0Y2ggQXJw" size="17" background="true" outline="false" ></control><control name="bXVsdGl0b2dnbGU3Nw==" x="628" y="0" w="50" h="100" color="gray" scalef="0.0" scalet="1.0" type="multitoggle" number_x="1" number_y="2" ex_mode="false" local_off="false" ></control><control name="bXVsdGl0b2dnbGU3OA==" x="428" y="450" w="100" h="400" color="gray" scalef="0.0" scalet="1.0" type="multitoggle" number_x="1" number_y="8" ex_mode="false" local_off="false" ></control><control name="bXVsdGl0b2dnbGU3OQ==" x="628" y="100" w="50" h="100" color="gray" scalef="0.0" scalet="1.0" type="multitoggle" number_x="1" number_y="2" ex_mode="false" local_off="false" ></control><control name="bGFiZWw3OA==" x="678" y="0" w="50" h="100" color="gray" type="labelv" text="R2F0ZSBBcnA=" size="17" background="true" outline="false" ></control><control name="bXVsdGl0b2dnbGU4MQ==" x="528" y="0" w="100" h="400" color="gray" scalef="0.0" scalet="1.0" type="multitoggle" number_x="1" number_y="8" ex_mode="false" local_off="false" ></control><control name="bXVsdGl0b2dnbGU4Mg==" x="528" y="450" w="100" h="400" color="gray" scalef="0.0" scalet="1.0" type="multitoggle" number_x="1" number_y="8" ex_mode="false" local_off="false" ></control><control name="bXVsdGl0b2dnbGU4Mw==" x="78" y="450" w="100" h="400" color="gray" scalef="0.0" scalet="1.0" type="multitoggle" number_x="1" number_y="8" ex_mode="false" local_off="false" ></control><control name="ZmFkZXI3Mw==" x="428" y="900" w="200" h="50" color="gray" scalef="0.0" scalet="1.0" type="faderh" response="absolute" inverted="false" centered="false" ><midi var ="x" type="0" channel="1" data1="0" data2f="0" data2t="127" sysex="" /></control><control name="ZmFkZXI3NQ==" x="28" y="850" w="200" h="50" color="gray" scalef="0.0" scalet="1.0" type="faderh" response="absolute" inverted="false" centered="false" ></control><control name="bGFiZWw4MA==" x="28" y="750" w="50" h="100" color="gray" type="labelv" text="UmV2ZXJzZQ==" size="17" background="true" outline="false" ></control><control name="bGFiZWw4MQ==" x="628" y="850" w="50" h="50" color="gray" type="labelv" text="R2E=" size="17" background="true" outline="false" ></control><control name="bGFiZWw4Mg==" x="628" y="900" w="50" h="50" color="gray" type="labelv" text="RGlz" size="17" background="true" outline="false" ></control><control name="bGFiZWw4NQ==" x="278" y="550" w="100" h="100" color="gray" type="labelv" text="Ng==" size="48" background="true" outline="false" ></control><control name="bXVsdGl0b2dnbGUxMDQ=" x="78" y="0" w="100" h="400" color="gray" scalef="0.0" scalet="1.0" type="multitoggle" number_x="1" number_y="8" ex_mode="false" local_off="false" ></control><control name="bGFiZWwxNDY=" x="28" y="300" w="50" h="100" color="gray" type="labelv" text="RGVsYXk=" size="17" background="true" outline="false" ></control><control name="ZmFkZXIxNzU=" x="28" y="400" w="200" h="50" color="gray" scalef="0.0" scalet="1.0" type="faderh" response="absolute" inverted="false" centered="false" ></control><control name="ZmFkZXIxNzY=" x="228" y="100" w="200" h="50" color="gray" scalef="0.0" scalet="1.0" type="faderh" response="absolute" inverted="false" centered="false" ></control><control name="bGFiZWwxNDc=" x="428" y="100" w="50" h="50" color="gray" type="labelv" text="cm5k" size="17" background="true" outline="false" ></control><control name="ZmFkZXIxNzc=" x="228" y="150" w="200" h="50" color="gray" scalef="0.0" scalet="1.0" type="faderh" response="absolute" inverted="false" centered="false" ></control><control name="ZmFkZXIxNzg=" x="228" y="200" w="200" h="50" color="gray" scalef="0.0" scalet="1.0" type="faderh" response="absolute" inverted="false" centered="true" ></control><control name="bGFiZWwxNDg=" x="428" y="150" w="50" h="50" color="gray" type="labelv" text="Y2g=" size="17" background="true" outline="false" ></control><control name="bGFiZWwxNDk=" x="428" y="200" w="50" h="50" color="gray" type="labelv" text="c2Ns" size="17" background="true" outline="false" ></control><control name="ZmFkZXIxNzk=" x="228" y="250" w="200" h="50" color="gray" scalef="0.0" scalet="1.0" type="faderh" response="absolute" inverted="false" centered="false" ></control><control name="bGFiZWwxNTA=" x="428" y="250" w="50" h="50" color="gray" type="labelv" text="ZHJvcA==" size="17" background="true" outline="false" ></control></tabpage><tabpage name="Nw==" scalef="0.0" scalet="1.0" li_t="" li_c="gray" li_s="14" li_o="false" li_b="false" la_t="" la_c="gray" la_s="14" la_o="false" la_b="false" ><control name="bXVsdGl0b2dnbGU4NA==" x="628" y="450" w="50" h="100" color="orange" scalef="0.0" scalet="1.0" type="multitoggle" number_x="1" number_y="2" ex_mode="false" local_off="false" ></control><control name="ZmFkZXI3Ng==" x="428" y="850" w="200" h="50" color="orange" scalef="0.0" scalet="1.0" type="faderh" response="absolute" inverted="false" centered="false" ><midi var ="x" type="0" channel="1" data1="0" data2f="0" data2t="127" sysex="" /></control><control name="bGFiZWw4Ng==" x="678" y="450" w="50" h="100" color="orange" type="labelv" text="UGl0Y2ggQXJw" size="17" background="true" outline="false" ></control><control name="bXVsdGl0b2dnbGU4NQ==" x="628" y="0" w="50" h="100" color="orange" scalef="0.0" scalet="1.0" type="multitoggle" number_x="1" number_y="2" ex_mode="false" local_off="false" ></control><control name="bXVsdGl0b2dnbGU4Ng==" x="428" y="450" w="100" h="400" color="orange" scalef="0.0" scalet="1.0" type="multitoggle" number_x="1" number_y="8" ex_mode="false" local_off="false" ></control><control name="bXVsdGl0b2dnbGU4Nw==" x="628" y="100" w="50" h="100" color="orange" scalef="0.0" scalet="1.0" type="multitoggle" number_x="1" number_y="2" ex_mode="false" local_off="false" ></control><control name="bGFiZWw4OA==" x="678" y="0" w="50" h="100" color="orange" type="labelv" text="R2F0ZSBBcnA=" size="17" background="true" outline="false" ></control><control name="bXVsdGl0b2dnbGU4OQ==" x="528" y="0" w="100" h="400" color="orange" scalef="0.0" scalet="1.0" type="multitoggle" number_x="1" number_y="8" ex_mode="false" local_off="false" ></control><control name="bXVsdGl0b2dnbGU5MA==" x="528" y="450" w="100" h="400" color="orange" scalef="0.0" scalet="1.0" type="multitoggle" number_x="1" number_y="8" ex_mode="false" local_off="false" ></control><control name="bXVsdGl0b2dnbGU5MQ==" x="78" y="450" w="100" h="400" color="orange" scalef="0.0" scalet="1.0" type="multitoggle" number_x="1" number_y="8" ex_mode="false" local_off="false" ></control><control name="ZmFkZXI4MA==" x="428" y="900" w="200" h="50" color="orange" scalef="0.0" scalet="1.0" type="faderh" response="absolute" inverted="false" centered="false" ><midi var ="x" type="0" channel="1" data1="0" data2f="0" data2t="127" sysex="" /></control><control name="ZmFkZXI4Mg==" x="28" y="850" w="200" h="50" color="orange" scalef="0.0" scalet="1.0" type="faderh" response="absolute" inverted="false" centered="false" ></control><control name="bGFiZWw5MA==" x="28" y="750" w="50" h="100" color="orange" type="labelv" text="UmV2ZXJzZQ==" size="17" background="true" outline="false" ></control><control name="bGFiZWw5MQ==" x="628" y="850" w="50" h="50" color="orange" type="labelv" text="R2E=" size="17" background="true" outline="false" ></control><control name="bGFiZWw5Mg==" x="628" y="900" w="50" h="50" color="orange" type="labelv" text="RGlz" size="17" background="true" outline="false" ></control><control name="bGFiZWw5NQ==" x="278" y="550" w="100" h="100" color="orange" type="labelv" text="Nw==" size="48" background="true" outline="false" ></control><control name="bXVsdGl0b2dnbGUxMDU=" x="78" y="0" w="100" h="400" color="orange" scalef="0.0" scalet="1.0" type="multitoggle" number_x="1" number_y="8" ex_mode="false" local_off="false" ></control><control name="bGFiZWwxNTE=" x="28" y="300" w="50" h="100" color="orange" type="labelv" text="RGVsYXk=" size="17" background="true" outline="false" ></control><control name="ZmFkZXIxODA=" x="28" y="400" w="200" h="50" color="orange" scalef="0.0" scalet="1.0" type="faderh" response="absolute" inverted="false" centered="false" ></control><control name="ZmFkZXIxODE=" x="228" y="100" w="200" h="50" color="orange" scalef="0.0" scalet="1.0" type="faderh" response="absolute" inverted="false" centered="false" ></control><control name="bGFiZWwxNTI=" x="428" y="100" w="50" h="50" color="orange" type="labelv" text="cm5k" size="17" background="true" outline="false" ></control><control name="ZmFkZXIxODI=" x="228" y="150" w="200" h="50" color="orange" scalef="0.0" scalet="1.0" type="faderh" response="absolute" inverted="false" centered="false" ></control><control name="ZmFkZXIxODM=" x="228" y="200" w="200" h="50" color="orange" scalef="0.0" scalet="1.0" type="faderh" response="absolute" inverted="false" centered="true" ></control><control name="bGFiZWwxNTM=" x="428" y="150" w="50" h="50" color="orange" type="labelv" text="Y2g=" size="17" background="true" outline="false" ></control><control name="bGFiZWwxNTQ=" x="428" y="200" w="50" h="50" color="orange" type="labelv" text="c2Ns" size="17" background="true" outline="false" ></control><control name="ZmFkZXIxODQ=" x="228" y="250" w="200" h="50" color="orange" scalef="0.0" scalet="1.0" type="faderh" response="absolute" inverted="false" centered="false" ></control><control name="bGFiZWwxNTU=" x="428" y="250" w="50" h="50" color="orange" type="labelv" text="ZHJvcA==" size="17" background="true" outline="false" ></control></tabpage><tabpage name="OA==" scalef="0.0" scalet="1.0" li_t="" li_c="gray" li_s="14" li_o="false" li_b="false" la_t="" la_c="gray" la_s="14" la_o="false" la_b="false" ><control name="bXVsdGl0b2dnbGU5Mg==" x="628" y="450" w="50" h="100" color="brown" scalef="0.0" scalet="1.0" type="multitoggle" number_x="1" number_y="2" ex_mode="false" local_off="false" ></control><control name="ZmFkZXI4Mw==" x="428" y="850" w="200" h="50" color="brown" scalef="0.0" scalet="1.0" type="faderh" response="absolute" inverted="false" centered="false" ><midi var ="x" type="0" channel="1" data1="0" data2f="0" data2t="127" sysex="" /></control><control name="bGFiZWw5Ng==" x="678" y="450" w="50" h="100" color="brown" type="labelv" text="UGl0Y2ggQXJw" size="17" background="true" outline="false" ></control><control name="bXVsdGl0b2dnbGU5Mw==" x="628" y="0" w="50" h="100" color="brown" scalef="0.0" scalet="1.0" type="multitoggle" number_x="1" number_y="2" ex_mode="false" local_off="false" ></control><control name="bXVsdGl0b2dnbGU5NA==" x="428" y="450" w="100" h="400" color="brown" scalef="0.0" scalet="1.0" type="multitoggle" number_x="1" number_y="8" ex_mode="false" local_off="false" ></control><control name="bXVsdGl0b2dnbGU5NQ==" x="628" y="100" w="50" h="100" color="brown" scalef="0.0" scalet="1.0" type="multitoggle" number_x="1" number_y="2" ex_mode="false" local_off="false" ></control><control name="bGFiZWw5OA==" x="678" y="0" w="50" h="100" color="brown" type="labelv" text="R2F0ZSBBcnA=" size="17" background="true" outline="false" ></control><control name="bXVsdGl0b2dnbGU5Nw==" x="528" y="0" w="100" h="400" color="brown" scalef="0.0" scalet="1.0" type="multitoggle" number_x="1" number_y="8" ex_mode="false" local_off="false" ></control><control name="bXVsdGl0b2dnbGU5OA==" x="528" y="450" w="100" h="400" color="brown" scalef="0.0" scalet="1.0" type="multitoggle" number_x="1" number_y="8" ex_mode="false" local_off="false" ></control><control name="bXVsdGl0b2dnbGU5OQ==" x="78" y="450" w="100" h="400" color="brown" scalef="0.0" scalet="1.0" type="multitoggle" number_x="1" number_y="8" ex_mode="false" local_off="false" ></control><control name="ZmFkZXI4Nw==" x="428" y="900" w="200" h="50" color="brown" scalef="0.0" scalet="1.0" type="faderh" response="absolute" inverted="false" centered="false" ><midi var ="x" type="0" channel="1" data1="0" data2f="0" data2t="127" sysex="" /></control><control name="ZmFkZXI4OQ==" x="28" y="850" w="200" h="50" color="brown" scalef="0.0" scalet="1.0" type="faderh" response="absolute" inverted="false" centered="false" ></control><control name="bGFiZWwxMDA=" x="28" y="750" w="50" h="100" color="brown" type="labelv" text="UmV2ZXJzZQ==" size="17" background="true" outline="false" ></control><control name="bGFiZWwxMDE=" x="628" y="850" w="50" h="50" color="brown" type="labelv" text="R2E=" size="17" background="true" outline="false" ></control><control name="bGFiZWwxMDI=" x="628" y="900" w="50" h="50" color="brown" type="labelv" text="RGlz" size="17" background="true" outline="false" ></control><control name="bGFiZWwxMDU=" x="278" y="550" w="100" h="100" color="brown" type="labelv" text="OA==" size="48" background="true" outline="false" ></control><control name="bXVsdGl0b2dnbGUxMDc=" x="78" y="0" w="100" h="400" color="brown" scalef="0.0" scalet="1.0" type="multitoggle" number_x="1" number_y="8" ex_mode="false" local_off="false" ></control><control name="bGFiZWwxNjE=" x="28" y="300" w="50" h="100" color="brown" type="labelv" text="RGVsYXk=" size="17" background="true" outline="false" ></control><control name="ZmFkZXIxOTA=" x="28" y="400" w="200" h="50" color="brown" scalef="0.0" scalet="1.0" type="faderh" response="absolute" inverted="false" centered="false" ></control><control name="ZmFkZXIxOTE=" x="228" y="100" w="200" h="50" color="brown" scalef="0.0" scalet="1.0" type="faderh" response="absolute" inverted="false" centered="false" ></control><control name="bGFiZWwxNjI=" x="428" y="100" w="50" h="50" color="brown" type="labelv" text="cm5k" size="17" background="true" outline="false" ></control><control name="ZmFkZXIxOTI=" x="228" y="150" w="200" h="50" color="brown" scalef="0.0" scalet="1.0" type="faderh" response="absolute" inverted="false" centered="false" ></control><control name="ZmFkZXIxOTM=" x="228" y="200" w="200" h="50" color="brown" scalef="0.0" scalet="1.0" type="faderh" response="absolute" inverted="false" centered="true" ></control><control name="bGFiZWwxNjM=" x="428" y="150" w="50" h="50" color="brown" type="labelv" text="Y2g=" size="17" background="true" outline="false" ></control><control name="bGFiZWwxNjQ=" x="428" y="200" w="50" h="50" color="brown" type="labelv" text="c2Ns" size="17" background="true" outline="false" ></control><control name="ZmFkZXIxOTQ=" x="228" y="250" w="200" h="50" color="brown" scalef="0.0" scalet="1.0" type="faderh" response="absolute" inverted="false" centered="false" ></control><control name="bGFiZWwxNjU=" x="428" y="250" w="50" h="50" color="brown" type="labelv" text="ZHJvcA==" size="17" background="true" outline="false" ></control></tabpage><tabpage name="MTA=" scalef="0.0" scalet="1.0" li_t="" li_c="gray" li_s="14" li_o="false" li_b="false" la_t="" la_c="gray" la_s="14" la_o="false" la_b="false" ><control name="cm90YXJ5Mg==" x="608" y="0" w="120" h="120" color="yellow" scalef="0.0" scalet="1.0" type="rotaryh" response="absolute" inverted="false" centered="false" norollover="true" ><midi var ="x" type="0" channel="1" data1="0" data2f="0" data2t="127" sysex="" /></control><control name="cm90YXJ5Mw==" x="488" y="0" w="120" h="120" color="yellow" scalef="0.0" scalet="1.0" type="rotaryh" response="absolute" inverted="false" centered="false" norollover="true" ></control><control name="cm90YXJ5NA==" x="368" y="0" w="120" h="120" color="yellow" scalef="0.0" scalet="1.0" type="rotaryh" response="absolute" inverted="false" centered="false" norollover="true" ></control><control name="cm90YXJ5NQ==" x="248" y="0" w="120" h="120" color="yellow" scalef="0.0" scalet="1.0" type="rotaryh" response="absolute" inverted="false" centered="false" norollover="true" ></control><control name="cm90YXJ5Ng==" x="128" y="0" w="120" h="120" color="yellow" scalef="0.0" scalet="1.0" type="rotaryh" response="absolute" inverted="false" centered="false" norollover="true" ></control><control name="cm90YXJ5Nw==" x="8" y="0" w="120" h="120" color="yellow" scalef="0.0" scalet="1.0" type="rotaryh" response="absolute" inverted="false" centered="false" norollover="true" ></control><control name="cm90YXJ5OA==" x="608" y="120" w="120" h="120" color="red" scalef="0.0" scalet="1.0" type="rotaryh" response="absolute" inverted="false" centered="false" norollover="true" ><midi var ="x" type="0" channel="1" data1="0" data2f="0" data2t="127" sysex="" /></control><control name="cm90YXJ5OQ==" x="488" y="120" w="120" h="120" color="red" scalef="0.0" scalet="1.0" type="rotaryh" response="absolute" inverted="false" centered="false" norollover="true" ></control><control name="cm90YXJ5MTA=" x="368" y="120" w="120" h="120" color="red" scalef="0.0" scalet="1.0" type="rotaryh" response="absolute" inverted="false" centered="false" norollover="true" ></control><control name="cm90YXJ5MTE=" x="248" y="120" w="120" h="120" color="red" scalef="0.0" scalet="1.0" type="rotaryh" response="absolute" inverted="false" centered="false" norollover="true" ></control><control name="cm90YXJ5MTI=" x="128" y="120" w="120" h="120" color="red" scalef="0.0" scalet="1.0" type="rotaryh" response="absolute" inverted="false" centered="false" norollover="true" ></control><control name="cm90YXJ5MTM=" x="8" y="120" w="120" h="120" color="red" scalef="0.0" scalet="1.0" type="rotaryh" response="absolute" inverted="false" centered="false" norollover="true" ></control><control name="cm90YXJ5MTQ=" x="608" y="240" w="120" h="120" color="green" scalef="0.0" scalet="1.0" type="rotaryh" response="absolute" inverted="false" centered="false" norollover="true" ><midi var ="x" type="0" channel="1" data1="0" data2f="0" data2t="127" sysex="" /></control><control name="cm90YXJ5MTU=" x="488" y="240" w="120" h="120" color="green" scalef="0.0" scalet="1.0" type="rotaryh" response="absolute" inverted="false" centered="false" norollover="true" ></control><control name="cm90YXJ5MTY=" x="368" y="240" w="120" h="120" color="green" scalef="0.0" scalet="1.0" type="rotaryh" response="absolute" inverted="false" centered="false" norollover="true" ></control><control name="cm90YXJ5MTc=" x="248" y="240" w="120" h="120" color="green" scalef="0.0" scalet="1.0" type="rotaryh" response="absolute" inverted="false" centered="false" norollover="true" ></control><control name="cm90YXJ5MTg=" x="128" y="240" w="120" h="120" color="green" scalef="0.0" scalet="1.0" type="rotaryh" response="absolute" inverted="false" centered="false" norollover="true" ></control><control name="cm90YXJ5MTk=" x="8" y="240" w="120" h="120" color="green" scalef="0.0" scalet="1.0" type="rotaryh" response="absolute" inverted="false" centered="false" norollover="true" ></control><control name="cm90YXJ5MjA=" x="608" y="360" w="120" h="120" color="blue" scalef="0.0" scalet="1.0" type="rotaryh" response="absolute" inverted="false" centered="false" norollover="true" ><midi var ="x" type="0" channel="1" data1="0" data2f="0" data2t="127" sysex="" /></control><control name="cm90YXJ5MjE=" x="488" y="360" w="120" h="120" color="blue" scalef="0.0" scalet="1.0" type="rotaryh" response="absolute" inverted="false" centered="false" norollover="true" ></control><control name="cm90YXJ5MjI=" x="368" y="360" w="120" h="120" color="blue" scalef="0.0" scalet="1.0" type="rotaryh" response="absolute" inverted="false" centered="false" norollover="true" ></control><control name="cm90YXJ5MjM=" x="248" y="360" w="120" h="120" color="blue" scalef="0.0" scalet="1.0" type="rotaryh" response="absolute" inverted="false" centered="false" norollover="true" ></control><control name="cm90YXJ5MjQ=" x="128" y="360" w="120" h="120" color="blue" scalef="0.0" scalet="1.0" type="rotaryh" response="absolute" inverted="false" centered="false" norollover="true" ></control><control name="cm90YXJ5MjU=" x="8" y="360" w="120" h="120" color="blue" scalef="0.0" scalet="1.0" type="rotaryh" response="absolute" inverted="false" centered="false" norollover="true" ></control><control name="cm90YXJ5MjY=" x="608" y="480" w="120" h="120" color="purple" scalef="0.0" scalet="1.0" type="rotaryh" response="absolute" inverted="false" centered="false" norollover="true" ><midi var ="x" type="0" channel="1" data1="0" data2f="0" data2t="127" sysex="" /></control><control name="cm90YXJ5Mjc=" x="488" y="480" w="120" h="120" color="purple" scalef="0.0" scalet="1.0" type="rotaryh" response="absolute" inverted="false" centered="false" norollover="true" ></control><control name="cm90YXJ5Mjg=" x="368" y="480" w="120" h="120" color="purple" scalef="0.0" scalet="1.0" type="rotaryh" response="absolute" inverted="false" centered="false" norollover="true" ></control><control name="cm90YXJ5Mjk=" x="248" y="480" w="120" h="120" color="purple" scalef="0.0" scalet="1.0" type="rotaryh" response="absolute" inverted="false" centered="false" norollover="true" ></control><control name="cm90YXJ5MzA=" x="128" y="480" w="120" h="120" color="purple" scalef="0.0" scalet="1.0" type="rotaryh" response="absolute" inverted="false" centered="false" norollover="true" ></control><control name="cm90YXJ5MzE=" x="8" y="480" w="120" h="120" color="purple" scalef="0.0" scalet="1.0" type="rotaryh" response="absolute" inverted="false" centered="false" norollover="true" ></control><control name="cm90YXJ5MzI=" x="608" y="600" w="120" h="120" color="gray" scalef="0.0" scalet="1.0" type="rotaryh" response="absolute" inverted="false" centered="false" norollover="true" ><midi var ="x" type="0" channel="1" data1="0" data2f="0" data2t="127" sysex="" /></control><control name="cm90YXJ5MzM=" x="488" y="600" w="120" h="120" color="gray" scalef="0.0" scalet="1.0" type="rotaryh" response="absolute" inverted="false" centered="false" norollover="true" ></control><control name="cm90YXJ5MzQ=" x="368" y="600" w="120" h="120" color="gray" scalef="0.0" scalet="1.0" type="rotaryh" response="absolute" inverted="false" centered="false" norollover="true" ></control><control name="cm90YXJ5MzU=" x="248" y="600" w="120" h="120" color="gray" scalef="0.0" scalet="1.0" type="rotaryh" response="absolute" inverted="false" centered="false" norollover="true" ></control><control name="cm90YXJ5MzY=" x="128" y="600" w="120" h="120" color="gray" scalef="0.0" scalet="1.0" type="rotaryh" response="absolute" inverted="false" centered="false" norollover="true" ></control><control name="cm90YXJ5Mzc=" x="8" y="600" w="120" h="120" color="gray" scalef="0.0" scalet="1.0" type="rotaryh" response="absolute" inverted="false" centered="false" norollover="true" ></control><control name="cm90YXJ5Mzg=" x="608" y="720" w="120" h="120" color="orange" scalef="0.0" scalet="1.0" type="rotaryh" response="absolute" inverted="false" centered="false" norollover="true" ><midi var ="x" type="0" channel="1" data1="0" data2f="0" data2t="127" sysex="" /></control><control name="cm90YXJ5Mzk=" x="488" y="720" w="120" h="120" color="orange" scalef="0.0" scalet="1.0" type="rotaryh" response="absolute" inverted="false" centered="false" norollover="true" ></control><control name="cm90YXJ5NDA=" x="368" y="720" w="120" h="120" color="orange" scalef="0.0" scalet="1.0" type="rotaryh" response="absolute" inverted="false" centered="false" norollover="true" ></control><control name="cm90YXJ5NDE=" x="248" y="720" w="120" h="120" color="orange" scalef="0.0" scalet="1.0" type="rotaryh" response="absolute" inverted="false" centered="false" norollover="true" ></control><control name="cm90YXJ5NDI=" x="128" y="720" w="120" h="120" color="orange" scalef="0.0" scalet="1.0" type="rotaryh" response="absolute" inverted="false" centered="false" norollover="true" ></control><control name="cm90YXJ5NDM=" x="8" y="720" w="120" h="120" color="orange" scalef="0.0" scalet="1.0" type="rotaryh" response="absolute" inverted="false" centered="false" norollover="true" ></control><control name="cm90YXJ5NDQ=" x="608" y="840" w="120" h="120" color="brown" scalef="0.0" scalet="1.0" type="rotaryh" response="absolute" inverted="false" centered="false" norollover="true" ><midi var ="x" type="0" channel="1" data1="0" data2f="0" data2t="127" sysex="" /></control><control name="cm90YXJ5NDU=" x="488" y="840" w="120" h="120" color="brown" scalef="0.0" scalet="1.0" type="rotaryh" response="absolute" inverted="false" centered="false" norollover="true" ></control><control name="cm90YXJ5NDY=" x="368" y="840" w="120" h="120" color="brown" scalef="0.0" scalet="1.0" type="rotaryh" response="absolute" inverted="false" centered="false" norollover="true" ></control><control name="cm90YXJ5NDc=" x="248" y="840" w="120" h="120" color="brown" scalef="0.0" scalet="1.0" type="rotaryh" response="absolute" inverted="false" centered="false" norollover="true" ></control><control name="cm90YXJ5NDg=" x="128" y="840" w="120" h="120" color="brown" scalef="0.0" scalet="1.0" type="rotaryh" response="absolute" inverted="false" centered="false" norollover="true" ></control><control name="cm90YXJ5NDk=" x="8" y="840" w="120" h="120" color="brown" scalef="0.0" scalet="1.0" type="rotaryh" response="absolute" inverted="false" centered="false" norollover="true" ></control><control name="bGFiZWwxMTI=" x="608" y="960" w="120" h="60" color="gray" type="labelv" text="QQ==" size="48" background="true" outline="false" ></control><control name="bGFiZWwxMTM=" x="488" y="960" w="120" h="60" color="gray" type="labelv" text="Qg==" size="48" background="true" outline="false" ></control><control name="bGFiZWwxMTQ=" x="368" y="960" w="120" h="60" color="gray" type="labelv" text="Qw==" size="48" background="true" outline="false" ></control><control name="bGFiZWwxMTU=" x="248" y="960" w="120" h="59" color="gray" type="labelv" text="RA==" size="48" background="true" outline="false" ></control><control name="bGFiZWwxMTY=" x="128" y="960" w="120" h="60" color="gray" type="labelv" text="RQ==" size="48" background="true" outline="false" ></control><control name="bGFiZWwxMTc=" x="8" y="960" w="120" h="59" color="gray" type="labelv" text="Rg==" size="48" background="true" outline="false" ></control></tabpage><tabpage name="OQ==" scalef="0.0" scalet="1.0" li_t="" li_c="gray" li_s="14" li_o="false" li_b="false" la_t="" la_c="gray" la_s="14" la_o="false" la_b="false" ><control name="ZmFkZXI5MA==" x="608" y="0" w="120" h="120" color="yellow" scalef="0.0" scalet="1.0" type="faderh" response="absolute" inverted="false" centered="false" ></control><control name="ZmFkZXI5MQ==" x="488" y="0" w="120" h="120" color="yellow" scalef="0.0" scalet="1.0" type="faderh" response="absolute" inverted="false" centered="false" ></control><control name="ZmFkZXI5Mg==" x="368" y="0" w="120" h="120" color="yellow" scalef="0.0" scalet="1.0" type="faderh" response="absolute" inverted="false" centered="false" ></control><control name="ZmFkZXI5Mw==" x="248" y="0" w="120" h="120" color="yellow" scalef="0.0" scalet="1.0" type="faderh" response="absolute" inverted="false" centered="false" ></control><control name="ZmFkZXI5NA==" x="128" y="0" w="120" h="120" color="yellow" scalef="0.0" scalet="1.0" type="faderh" response="absolute" inverted="false" centered="false" ></control><control name="ZmFkZXI5NQ==" x="8" y="0" w="120" h="120" color="yellow" scalef="0.0" scalet="1.0" type="faderh" response="absolute" inverted="false" centered="false" ></control><control name="ZmFkZXI5Ng==" x="608" y="120" w="120" h="120" color="red" scalef="0.0" scalet="1.0" type="faderh" response="absolute" inverted="false" centered="false" ></control><control name="ZmFkZXI5Nw==" x="488" y="120" w="120" h="120" color="red" scalef="0.0" scalet="1.0" type="faderh" response="absolute" inverted="false" centered="false" ></control><control name="ZmFkZXI5OA==" x="368" y="120" w="120" h="120" color="red" scalef="0.0" scalet="1.0" type="faderh" response="absolute" inverted="false" centered="false" ></control><control name="ZmFkZXI5OQ==" x="248" y="120" w="120" h="120" color="red" scalef="0.0" scalet="1.0" type="faderh" response="absolute" inverted="false" centered="false" ></control><control name="ZmFkZXIxMDA=" x="128" y="120" w="120" h="120" color="red" scalef="0.0" scalet="1.0" type="faderh" response="absolute" inverted="false" centered="false" ></control><control name="ZmFkZXIxMDE=" x="8" y="120" w="120" h="120" color="red" scalef="0.0" scalet="1.0" type="faderh" response="absolute" inverted="false" centered="false" ></control><control name="ZmFkZXIxMTQ=" x="609" y="240" w="119" h="120" color="green" scalef="0.0" scalet="1.0" type="faderh" response="absolute" inverted="false" centered="false" ></control><control name="ZmFkZXIxMTU=" x="487" y="240" w="120" h="120" color="green" scalef="0.0" scalet="1.0" type="faderh" response="absolute" inverted="false" centered="false" ></control><control name="ZmFkZXIxMTY=" x="368" y="240" w="120" h="120" color="green" scalef="0.0" scalet="1.0" type="faderh" response="absolute" inverted="false" centered="false" ></control><control name="ZmFkZXIxMTc=" x="248" y="240" w="120" h="120" color="green" scalef="0.0" scalet="1.0" type="faderh" response="absolute" inverted="false" centered="false" ></control><control name="ZmFkZXIxMTg=" x="128" y="240" w="120" h="120" color="green" scalef="0.0" scalet="1.0" type="faderh" response="absolute" inverted="false" centered="false" ></control><control name="ZmFkZXIxMTk=" x="8" y="240" w="120" h="120" color="green" scalef="0.0" scalet="1.0" type="faderh" response="absolute" inverted="false" centered="false" ></control><control name="ZmFkZXIxMjA=" x="608" y="360" w="120" h="120" color="blue" scalef="0.0" scalet="1.0" type="faderh" response="absolute" inverted="false" centered="false" ></control><control name="ZmFkZXIxMjE=" x="488" y="360" w="120" h="120" color="blue" scalef="0.0" scalet="1.0" type="faderh" response="absolute" inverted="false" centered="false" ></control><control name="ZmFkZXIxMjI=" x="368" y="360" w="120" h="120" color="blue" scalef="0.0" scalet="1.0" type="faderh" response="absolute" inverted="false" centered="false" ></control><control name="ZmFkZXIxMjM=" x="248" y="360" w="120" h="120" color="blue" scalef="0.0" scalet="1.0" type="faderh" response="absolute" inverted="false" centered="false" ></control><control name="ZmFkZXIxMjQ=" x="128" y="360" w="120" h="120" color="blue" scalef="0.0" scalet="1.0" type="faderh" response="absolute" inverted="false" centered="false" ></control><control name="ZmFkZXIxMjU=" x="8" y="360" w="120" h="120" color="blue" scalef="0.0" scalet="1.0" type="faderh" response="absolute" inverted="false" centered="false" ></control><control name="ZmFkZXIxMjY=" x="608" y="480" w="120" h="120" color="purple" scalef="0.0" scalet="1.0" type="faderh" response="absolute" inverted="false" centered="false" ></control><control name="ZmFkZXIxMjc=" x="488" y="480" w="120" h="120" color="purple" scalef="0.0" scalet="1.0" type="faderh" response="absolute" inverted="false" centered="false" ></control><control name="ZmFkZXIxMjg=" x="368" y="480" w="120" h="120" color="purple" scalef="0.0" scalet="1.0" type="faderh" response="absolute" inverted="false" centered="false" ></control><control name="ZmFkZXIxMjk=" x="248" y="480" w="120" h="120" color="purple" scalef="0.0" scalet="1.0" type="faderh" response="absolute" inverted="false" centered="false" ></control><control name="ZmFkZXIxMzA=" x="128" y="480" w="120" h="120" color="purple" scalef="0.0" scalet="1.0" type="faderh" response="absolute" inverted="false" centered="false" ></control><control name="ZmFkZXIxMzE=" x="8" y="480" w="120" h="120" color="purple" scalef="0.0" scalet="1.0" type="faderh" response="absolute" inverted="false" centered="false" ></control><control name="ZmFkZXIxMzI=" x="608" y="600" w="120" h="120" color="gray" scalef="0.0" scalet="1.0" type="faderh" response="absolute" inverted="false" centered="false" ></control><control name="ZmFkZXIxMzM=" x="488" y="600" w="120" h="120" color="gray" scalef="0.0" scalet="1.0" type="faderh" response="absolute" inverted="false" centered="false" ></control><control name="ZmFkZXIxMzQ=" x="368" y="600" w="120" h="120" color="gray" scalef="0.0" scalet="1.0" type="faderh" response="absolute" inverted="false" centered="false" ></control><control name="ZmFkZXIxMzU=" x="248" y="600" w="120" h="120" color="gray" scalef="0.0" scalet="1.0" type="faderh" response="absolute" inverted="false" centered="false" ></control><control name="ZmFkZXIxMzY=" x="128" y="600" w="120" h="120" color="gray" scalef="0.0" scalet="1.0" type="faderh" response="absolute" inverted="false" centered="false" ></control><control name="ZmFkZXIxMzc=" x="8" y="600" w="120" h="120" color="gray" scalef="0.0" scalet="1.0" type="faderh" response="absolute" inverted="false" centered="false" ></control><control name="ZmFkZXIxMzg=" x="609" y="720" w="119" h="120" color="orange" scalef="0.0" scalet="1.0" type="faderh" response="absolute" inverted="false" centered="false" ></control><control name="ZmFkZXIxMzk=" x="488" y="720" w="120" h="120" color="orange" scalef="0.0" scalet="1.0" type="faderh" response="absolute" inverted="false" centered="false" ></control><control name="ZmFkZXIxNDA=" x="368" y="720" w="120" h="120" color="orange" scalef="0.0" scalet="1.0" type="faderh" response="absolute" inverted="false" centered="false" ></control><control name="ZmFkZXIxNDE=" x="248" y="720" w="120" h="120" color="orange" scalef="0.0" scalet="1.0" type="faderh" response="absolute" inverted="false" centered="false" ></control><control name="ZmFkZXIxNDI=" x="128" y="720" w="120" h="120" color="orange" scalef="0.0" scalet="1.0" type="faderh" response="absolute" inverted="false" centered="false" ></control><control name="ZmFkZXIxNDM=" x="8" y="720" w="120" h="120" color="orange" scalef="0.0" scalet="1.0" type="faderh" response="absolute" inverted="false" centered="false" ></control><control name="ZmFkZXIxNDQ=" x="608" y="840" w="120" h="120" color="brown" scalef="0.0" scalet="1.0" type="faderh" response="absolute" inverted="false" centered="false" ></control><control name="ZmFkZXIxNDU=" x="488" y="840" w="120" h="120" color="brown" scalef="0.0" scalet="1.0" type="faderh" response="absolute" inverted="false" centered="false" ></control><control name="ZmFkZXIxNDY=" x="368" y="840" w="120" h="120" color="brown" scalef="0.0" scalet="1.0" type="faderh" response="absolute" inverted="false" centered="false" ></control><control name="ZmFkZXIxNDc=" x="248" y="840" w="120" h="120" color="brown" scalef="0.0" scalet="1.0" type="faderh" response="absolute" inverted="false" centered="false" ></control><control name="ZmFkZXIxNDg=" x="128" y="840" w="120" h="120" color="brown" scalef="0.0" scalet="1.0" type="faderh" response="absolute" inverted="false" centered="false" ></control><control name="ZmFkZXIxNDk=" x="8" y="840" w="120" h="120" color="brown" scalef="0.0" scalet="1.0" type="faderh" response="absolute" inverted="false" centered="false" ></control><control name="bGFiZWwxMDY=" x="608" y="960" w="120" h="60" color="gray" type="labelv" text="QQ==" size="48" background="true" outline="false" ></control><control name="bGFiZWwxMDc=" x="488" y="960" w="120" h="60" color="gray" type="labelv" text="Qg==" size="48" background="true" outline="false" ></control><control name="bGFiZWwxMDg=" x="368" y="960" w="120" h="60" color="gray" type="labelv" text="Qw==" size="48" background="true" outline="false" ></control><control name="bGFiZWwxMDk=" x="248" y="960" w="120" h="59" color="gray" type="labelv" text="RA==" size="48" background="true" outline="false" ></control><control name="bGFiZWwxMTA=" x="128" y="960" w="120" h="60" color="gray" type="labelv" text="RQ==" size="48" background="true" outline="false" ></control><control name="bGFiZWwxMTE=" x="8" y="960" w="120" h="59" color="gray" type="labelv" text="Rg==" size="48" background="true" outline="false" ></control></tabpage></layout>