<?xml version="1.0" encoding="UTF-8"?><layout version="16" mode="1" orientation="vertical"><tabpage name="MQ==" scalef="0.0" scalet="1.0" li_t="" li_c="gray" li_s="14" li_o="false" li_b="false" la_t="" la_c="gray" la_s="14" la_o="false" la_b="false" ><control name="bXVsdGl0b2dnbGUx" x="678" y="350" w="50" h="100" color="red" scalef="0.0" scalet="1.0" type="multitoggle" number_x="1" number_y="2" ex_mode="true" local_off="false" ></control><control name="bXVsdGl0b2dnbGUy" x="478" y="250" w="200" h="100" color="red" scalef="0.0" scalet="1.0" type="multitoggle" number_x="4" number_y="2" ex_mode="true" local_off="false" ></control><control name="ZmFkZXIx" x="478" y="350" w="200" h="50" color="red" scalef="0.0" scalet="1.0" type="faderh" response="absolute" inverted="false" centered="false" ></control><control name="ZmFkZXIz" x="478" y="600" w="200" h="50" color="red" scalef="0.0" scalet="1.0" type="faderh" response="absolute" inverted="false" centered="false" ></control><control name="bGFiZWwx" x="678" y="250" w="50" h="100" color="red" type="labelv" text="UGl0Y2ggQXJw" size="17" background="true" outline="false" ></control><control name="bGFiZWwy" x="678" y="600" w="50" h="150" color="red" type="labelv" text="UGl0Y2ggUmFuZG9t" size="17" background="true" outline="false" ></control><control name="ZmFkZXI0" x="478" y="650" w="200" h="50" color="red" scalef="0.0" scalet="1.0" type="faderh" response="absolute" inverted="false" centered="false" ></control><control name="ZmFkZXI1" x="478" y="700" w="200" h="50" color="red" scalef="0.0" scalet="1.0" type="faderh" response="absolute" inverted="false" centered="true" ></control><control name="bXVsdGl0b2dnbGU0" x="678" y="100" w="50" h="100" color="red" scalef="0.0" scalet="1.0" osc_cs="LzEvbXV0aXRvZ2dsZTQ=" type="multitoggle" number_x="1" number_y="2" ex_mode="true" local_off="false" ></control><control name="bXVsdGl0b2dnbGU1" x="478" y="0" w="200" h="100" color="red" scalef="0.0" scalet="1.0" type="multitoggle" number_x="4" number_y="2" ex_mode="false" local_off="false" ><midi var ="x2" type="0" channel="14" data1="22" data2f="0" data2t="127" sysex="" /><midi var ="x1" type="0" channel="14" data1="21" data2f="0" data2t="127" sysex="" /></control><control name="bXVsdGl0b2dnbGU2" x="628" y="100" w="50" h="100" color="red" scalef="0.0" scalet="1.0" type="multitoggle" number_x="1" number_y="2" ex_mode="false" local_off="false" ></control><control name="bGFiZWwz" x="678" y="0" w="50" h="100" color="red" type="labelv" text="R2F0ZSBBcnA=" size="17" background="true" outline="false" ></control><control name="bXVsdGl0b2dnbGU3" x="528" y="400" w="150" h="150" color="red" scalef="0.0" scalet="1.0" type="multitoggle" number_x="3" number_y="3" ex_mode="false" local_off="false" ></control></tabpage><tabpage name="Mg==" scalef="0.0" scalet="1.0" li_t="" li_c="gray" li_s="14" li_o="false" li_b="false" la_t="" la_c="gray" la_s="14" la_o="false" la_b="false" ><control name="bXVsdGl0b2dnbGU5" x="428" y="100" w="50" h="100" color="green" scalef="0.0" scalet="1.0" type="multitoggle" number_x="1" number_y="2" ex_mode="false" local_off="false" ></control><control name="bXVsdGl0b2dnbGUxMA==" x="378" y="0" w="50" h="400" color="green" scalef="0.0" scalet="1.0" type="multitoggle" number_x="1" number_y="8" ex_mode="false" local_off="false" ></control><control name="ZmFkZXI2" x="81" y="38" w="200" h="50" color="green" scalef="0.0" scalet="1.0" type="faderh" response="absolute" inverted="false" centered="false" ></control><control name="ZmFkZXI3" x="190" y="525" w="200" h="50" color="green" scalef="0.0" scalet="1.0" type="faderh" response="absolute" inverted="false" centered="false" ></control><control name="bGFiZWw0" x="428" y="0" w="50" h="100" color="green" type="labelv" text="UGl0Y2ggQXJw" size="17" background="true" outline="false" ></control><control name="bGFiZWw1" x="390" y="525" w="50" h="150" color="green" type="labelv" text="UGl0Y2ggUmFuZG9t" size="17" background="true" outline="false" ></control><control name="ZmFkZXI4" x="190" y="575" w="200" h="50" color="green" scalef="0.0" scalet="1.0" type="faderh" response="absolute" inverted="false" centered="false" ></control><control name="ZmFkZXI5" x="190" y="625" w="200" h="50" color="green" scalef="0.0" scalet="1.0" type="faderh" response="absolute" inverted="false" centered="true" ></control><control name="bXVsdGl0b2dnbGUxMQ==" x="578" y="100" w="50" h="100" color="green" scalef="0.0" scalet="1.0" type="multitoggle" number_x="1" number_y="2" ex_mode="false" local_off="false" ></control><control name="bXVsdGl0b2dnbGUxMg==" x="530" y="0" w="50" h="400" color="green" scalef="0.0" scalet="1.0" type="multitoggle" number_x="1" number_y="8" ex_mode="true" local_off="false" ></control><control name="bXVsdGl0b2dnbGUxMw==" x="578" y="300" w="50" h="100" color="green" scalef="0.0" scalet="1.0" type="multitoggle" number_x="1" number_y="2" ex_mode="false" local_off="false" ></control><control name="bGFiZWw2" x="578" y="0" w="50" h="100" color="green" type="labelv" text="R2F0ZSBBcnA=" size="17" background="true" outline="false" ></control><control name="bXVsdGl0b2dnbGUxNA==" x="278" y="0" w="50" h="400" color="green" scalef="0.0" scalet="1.0" type="multitoggle" number_x="1" number_y="8" ex_mode="false" local_off="false" ></control><control name="bXVsdGl0b2dnbGUxNQ==" x="628" y="0" w="50" h="100" color="green" scalef="0.0" scalet="1.0" osc_cs="LzEvbXV0aXRvZ2dsZTQ=" type="multitoggle" number_x="1" number_y="2" ex_mode="true" local_off="false" ></control><control name="ZmFkZXIxNg==" x="187" y="741" w="200" h="50" color="green" scalef="0.0" scalet="1.0" type="faderh" response="absolute" inverted="false" centered="false" ></control><control name="ZmFkZXIxNw==" x="188" y="791" w="200" h="50" color="green" scalef="0.0" scalet="1.0" type="faderh" response="absolute" inverted="false" centered="false" ></control><control name="bGFiZWwxMQ==" x="387" y="738" w="50" h="150" color="green" type="labelv" text="RW52ZWxvcGUgQURS" size="17" background="true" outline="false" ></control><control name="ZmFkZXIxOA==" x="189" y="839" w="200" h="50" color="green" scalef="0.0" scalet="1.0" type="faderh" response="absolute" inverted="false" centered="false" ></control><control name="bGFiZWwxMg==" x="578" y="200" w="50" h="100" color="green" type="labelv" text="R2F0ZSBIb2xk" size="17" background="true" outline="false" ></control></tabpage><tabpage name="Mw==" scalef="0.0" scalet="1.0" li_t="" li_c="gray" li_s="14" li_o="false" li_b="false" la_t="" la_c="gray" la_s="14" la_o="false" la_b="false" ><control name="bXVsdGl0b2dnbGUxNg==" x="428" y="0" w="50" h="100" color="green" scalef="0.0" scalet="1.0" type="multitoggle" number_x="1" number_y="2" ex_mode="false" local_off="false" ></control><control name="bXVsdGl0b2dnbGUxNw==" x="423" y="101" w="100" h="800" color="green" scalef="0.0" scalet="1.0" type="multitoggle" number_x="1" number_y="8" ex_mode="false" local_off="false" ></control><control name="ZmFkZXIxMA==" x="226" y="4" w="200" h="50" color="green" scalef="0.0" scalet="1.0" type="faderh" response="absolute" inverted="false" centered="false" ></control><control name="ZmFkZXIxMQ==" x="227" y="860" w="200" h="50" color="green" scalef="0.0" scalet="1.0" type="faderh" response="absolute" inverted="false" centered="false" ></control><control name="bGFiZWw3" x="478" y="0" w="50" h="100" color="green" type="labelv" text="UGl0Y2ggQXJw" size="17" background="true" outline="false" ></control><control name="bGFiZWw4" x="430" y="861" w="50" h="150" color="green" type="labelv" text="UGl0Y2ggUmFuZG9t" size="17" background="true" outline="false" ></control><control name="ZmFkZXIxMg==" x="227" y="910" w="200" h="50" color="green" scalef="0.0" scalet="1.0" type="faderh" response="absolute" inverted="false" centered="false" ></control><control name="ZmFkZXIxMw==" x="227" y="960" w="200" h="50" color="green" scalef="0.0" scalet="1.0" type="faderh" response="absolute" inverted="false" centered="true" ></control><control name="bXVsdGl0b2dnbGUxOA==" x="628" y="0" w="50" h="100" color="green" scalef="0.0" scalet="1.0" type="multitoggle" number_x="1" number_y="2" ex_mode="false" local_off="false" ></control><control name="bXVsdGl0b2dnbGUxOQ==" x="578" y="103" w="100" h="800" color="green" scalef="0.0" scalet="1.0" type="multitoggle" number_x="1" number_y="8" ex_mode="false" local_off="false" ></control><control name="bXVsdGl0b2dnbGUyMA==" x="578" y="907" w="100" h="50" color="green" scalef="0.0" scalet="1.0" type="multitoggle" number_x="2" number_y="1" ex_mode="false" local_off="false" ></control><control name="bGFiZWw5" x="678" y="0" w="50" h="100" color="green" type="labelv" text="R2F0ZSBBcnA=" size="17" background="true" outline="false" ></control><control name="bXVsdGl0b2dnbGUyMQ==" x="325" y="101" w="100" h="800" color="green" scalef="0.0" scalet="1.0" type="multitoggle" number_x="1" number_y="8" ex_mode="false" local_off="false" ></control><control name="bXVsdGl0b2dnbGUyMw==" x="98" y="0" w="80" h="800" color="green" scalef="0.0" scalet="1.0" type="multitoggle" number_x="1" number_y="8" ex_mode="false" local_off="false" ></control><control name="bXVsdGl0b2dnbGUyNA==" x="18" y="0" w="80" h="800" color="green" scalef="0.0" scalet="1.0" type="multitoggle" number_x="1" number_y="8" ex_mode="false" local_off="false" ></control><control name="ZmFkZXIxNA==" x="-2" y="860" w="200" h="50" color="green" scalef="0.0" scalet="1.0" type="faderh" response="absolute" inverted="false" centered="false" ></control><control name="ZmFkZXIxNQ==" x="-2" y="910" w="200" h="50" color="green" scalef="0.0" scalet="1.0" type="faderh" response="absolute" inverted="false" centered="false" ></control><control name="bGFiZWwxMA==" x="178" y="0" w="50" h="100" color="green" type="labelv" text="RGVsYXk=" size="17" background="true" outline="false" ></control></tabpage></layout>